


/*!40101 SET @OLD_CHARACTER_SET_CLIENT=@@CHARACTER_SET_CLIENT */;
/*!40101 SET @OLD_CHARACTER_SET_RESULTS=@@CHARACTER_SET_RESULTS */;
/*!40101 SET @OLD_COLLATION_CONNECTION=@@COLLATION_CONNECTION */;
/*!40101 SET NAMES utf8 */;
/*!40014 SET @OLD_FOREIGN_KEY_CHECKS=@@FOREIGN_KEY_CHECKS, FOREIGN_KEY_CHECKS=0 */;
/*!40101 SET @OLD_SQL_MODE=@@SQL_MODE, SQL_MODE='NO_AUTO_VALUE_ON_ZERO' */;
/*!40111 SET @OLD_SQL_NOTES=@@SQL_NOTES, SQL_NOTES=0 */;
DROP DATABASE IF EXISTS PantryQuest;
CREATE DATABASE PantryQuest;
USE PantryQuest;

# Dump of table filter
# ------------------------------------------------------------

DROP TABLE IF EXISTS `filter`;

CREATE TABLE `filter` (
  `recipeID` int(11) unsigned NOT NULL,
  `method` varchar(30) DEFAULT NULL,
  `glutenFree` tinyint(1) DEFAULT NULL,
  `vegetarian` tinyint(1) DEFAULT NULL,
  `vegan` tinyint(1) DEFAULT NULL,
  `noNuts` tinyint(1) DEFAULT NULL,
  `lactoseFree` tinyint(1) DEFAULT NULL,
  `calories` int(11) DEFAULT NULL,
  PRIMARY KEY (`recipeID`),
  CONSTRAINT `RecipeID_FK` FOREIGN KEY (`recipeID`) REFERENCES `recipe` (`recipeID`) ON DELETE CASCADE ON UPDATE CASCADE
) ENGINE=InnoDB DEFAULT CHARSET=latin1;

LOCK TABLES `filter` WRITE;
/*!40000 ALTER TABLE `filter` DISABLE KEYS */;

INSERT INTO `filter` (`recipeID`, `method`, `glutenFree`, `vegetarian`, `vegan`, `noNuts`, `lactoseFree`, `calories`)
VALUES
	(1,'Bake',0,1,0,1,0,400),
	(2,'Grill',0,0,0,1,0,350),
	(3,'Stovetop',1,0,0,1,0,150),
	(4,'Stovetop',1,0,0,1,1,175),
	(5,'Stovetop',1,0,0,1,1,162),
	(6,'Raw',0,1,1,1,0,184),
	(7,'Fry',0,0,0,1,0,300),
	(8,'Raw',0,1,1,0,0,175),
	(9,'Stovetop',0,0,0,1,1,550),
	(10,'Stovetop',0,1,0,1,0,291),
	(11,'Grill',1,0,0,1,1,233),
	(12,'Grill',1,0,0,1,1,434),
	(13,'Grill',1,1,1,1,1,210),
	(14,'Grill',1,0,0,1,0,434),
	(15,'Grill',0,0,0,1,0,690),
	(16,'Raw',1,1,1,0,1,700),
	(17,'Raw',1,1,1,0,1,324),
	(18,'Raw',0,0,0,1,1,175),
	(19,'Raw',1,1,1,1,1,125),
	(20,'Raw',1,0,0,1,1,470),
	(21,'Microwave',0,1,0,1,0,517),
	(22,'Microwave',1,1,0,0,0,100),
	(23,'Fry',0,1,0,1,0,146),
	(24,'Fry',0,0,0,1,1,795),
	(25,'Stovetop',0,0,0,1,0,528),
	(26,'Stovetop',1,1,1,1,1,123),
	(27,'Stovetop',0,1,0,1,1,153),
	(28,'Fry',0,1,0,0,0,328),
	(29,'Microwave',1,0,0,1,0,64),
	(30,'Microwave',1,1,0,1,0,134),
	(31,'Microwave',0,1,0,1,0,308),
	(32,'Fry',0,1,0,1,1,970),
	(33,'Stovetop',0,0,0,1,0,300),
	(34,'Fry',0,0,0,1,0,156),
	(35,'Fry',0,0,0,1,1,256),
	(36,'Microwave',1,1,1,1,1,157),
	(37,'Microwave',1,1,1,1,1,156),
	(38,'Microwave',1,1,1,1,1,45),
	(39,'Microwave',0,1,0,1,0,130),
	(40,'Microwave',1,1,0,1,0,473),
	(41,'Bake ',0,1,0,1,0,334),
	(42,'Bake ',0,1,0,1,0,462),
	(43,'Bake',1,1,0,1,1,234),
	(44,'Bake',1,1,1,1,1,245),
	(45,'Bake',0,1,1,1,1,264),
	(46,'Bake',0,1,1,0,1,648),
	(47,'Bake',0,1,1,1,1,278),
	(48,'Bake',0,1,1,1,1,240),
	(49,'Bake',0,1,1,1,1,200),
	(50,'Bake',1,1,0,1,1,199),
	(51,'Boil',1,0,0,1,1,250),
	(52,'Boil',0,0,0,1,0,328),
	(53,'Boil',1,1,0,1,0,365),
	(54,'Boil',0,1,0,1,1,309),
	(55,'Boil',1,0,0,1,1,189),
	(56,'Boil',1,1,1,1,1,119),
	(57,'Boil',0,0,0,1,1,600),
	(58,'Boil',0,0,0,1,0,307),
	(59,'Boil',0,0,0,1,0,572),
	(60,'Boil',0,0,0,1,0,618),
	(61,'Bake',0,1,0,0,0,263),
	(62,'Stovetop',0,0,0,1,1,456),
	(63,'Bake',0,0,0,1,0,469),
	(64,'Stovetop',0,0,0,0,0,235),
	(65,'Bake',0,0,0,1,0,281),
	(66,'Stovetop',0,0,0,1,1,178),
	(67,'Bake',0,0,0,1,0,422),
	(68,'Bake',0,0,0,1,0,341),
	(69,'Slowcook',0,0,0,1,1,390),
	(70,'Slowcook',0,0,0,1,1,530),
	(71,'Boil',1,1,1,1,1,55),
	(72,'Boil',0,1,1,0,0,350),
	(73,'Stovetop',0,1,1,0,1,222),
	(74,'Stovetop',1,0,0,0,0,212),
	(75,'Stovetop',0,0,0,1,0,175),
	(76,'Stovetop',1,0,0,1,1,312),
	(77,'Stovetop',0,0,0,1,0,213),
	(78,'Stovetop',1,1,1,1,1,222),
	(79,'Slowcook',0,0,0,0,1,400);

/*!40000 ALTER TABLE `filter` ENABLE KEYS */;
UNLOCK TABLES;


# Dump of table ingredient
# ------------------------------------------------------------

DROP TABLE IF EXISTS `ingredient`;

CREATE TABLE `ingredient` (
  `foodName` varchar(50) DEFAULT NULL,
  `timesSearched` int(11) NOT NULL DEFAULT '0',
  KEY `foodName` (`foodName`)
) ENGINE=InnoDB DEFAULT CHARSET=latin1;

LOCK TABLES `ingredient` WRITE;
/*!40000 ALTER TABLE `ingredient` DISABLE KEYS */;

INSERT INTO `ingredient` (`foodName`, `timesSearched`)
VALUES
	('almond', 0),
	('anchovy', 0),
	('applesauce', 0),
	('artichoke', 0),
	('asparagus', 0),
	('avocado', 0),
	('bacon', 0),
	('baking soda', 0),
	('baking powder', 0),
	('banana', 0),
	('basil', 0),
	('bean', 0),
	('beef', 0),
	('beef broth', 0),
	('bell pepper', 0),
	('black bean', 0),
	('blueberry', 0),
	('bouillon', 0),
	('bread', 0),
	('breadcrumbs', 0),
	('brown sugar', 0),
	('brussel sprout', 0),
	('broccoli', 0),
	('bun', 0),
	('butter', 0),
	('buttermilk', 0),
	('cabbage', 0),
	('canola oil', 0),
	('caper', 0),
	('carrot', 12),
	('cashew', 0),
	('celery', 0),
	('cheese', 0),
	('chicken', 2),
	('chicken soup', 0),
	('chickpea', 0),
	('chili bean', 0),
	('chili powder', 0),
	('chili ', 0),
	('chip', 0),
	('chive', 0),
	('chocolate', 0),
	('choy', 0),
	('cilantro', 0),
	('cinnamon', 0),
	('clam juice', 0),
	('cocoa', 0),
	('coconut', 0),
	('coconut milk', 0),
	('coconut oil', 0),
	('condensed milk', 0),
	('corn', 0),
	('corn chips', 0),
	('cornstarch', 0),
	('cracker', 0),
	('cream cheese', 0),
	('creme fraiche', 0),
	('sour cream', 0),
	('cucumber', 0),
	('cumin', 0),
	('date', 0),
	('dijon mustard', 0),
	('dill', 0),
	('dough', 0),
	('egg', 639),
	('eggplant', 0),
	('fig', 0),
	('filo pastry', 0),
	('fish', 0),
	('flax', 0),
	('flour', 162),
	('garlic', 0),
	('ginger', 0),
	('graham cracker', 0),
	('grand marnier', 0),
	('granola', 0),
	('heavy cream', 0),
	('honey', 0),
	('hot sauce', 0),
	('ice', 0),
	('jalapeno', 0),
	('kale', 0),
	('kidney bean', 0),
	('lemon', 0),
	('lemon juice', 0),
	('lettuce', 0),
	('lime', 0),
	('macaroni', 0),
	('bok choy', 0),
	('mango', 0),
	('maple syrup', 0),
	('margarine', 0),
	('marshmallow', 0),
	('mayonnaise', 0),
	('meat', 0),
	('milk', 0),
	('mozzarella', 0),
	('mushroom', 0),
	('mustard', 0),
	('noodle', 0),
	('nori', 0),
	('olive oil', 0),
	('onion', 0),
	('oregano', 0),
	('oreo', 0),
	('pancake mix', 0),
	('parsley', 0),
	('pasta', 0),
	('pea', 0),
	('peach', 0),
	('peanut', 0),
	('pepper', 0),
	('pepperoni', 0),
	('pie crust', 0),
	('pizza sauce', 0),
	('pork', 0),
	('potato', 0),
	('prosciutto', 0),
	('rice', 0),
	('rice flower', 0),
	('roll', 0),
	('sage', 0),
	('sake', 0),
	('salad', 0),
	('salad dressing', 0),
	('salmon', 0),
	('salsa', 0),
	('sausage', 0),
	('scallion', 0),
	('sesame seed', 0),
	('sherry', 0),
	('shrimp', 0),
	('soy milk', 0),
	('soy sauce', 0),
	('spaghetti', 7),
	('spinach', 0),
	('squash', 0),
	('steak', 0),
	('strawberry', 0),
	('sugar', 0),
	('sweet potato', 0),
	('Tabasco sauce', 0),
	('taco spice', 0),
	('tahini', 0),
	('thyme', 0),
	('tomato', 0),
	('tomato sauce', 0),
	('tortilla', 0),
	('tuna', 0),
	('turnip', 0),
	('vanilla', 0),
	('vanilla bean', 0),
	('vegetable broth', 0),
	('vegetable oil', 0),
	('vinegar', 0),
	('water', 0),
	('walnut', 0),
	('wine', 0),
	('worcestershire sauce', 0),
	('yeast', 0),
	('zucchini', 0),
	('oyster sauce', 0),
	('bean paste', 0),
	('yogurt', 0),
	('sesame oil', 0),
	('dumpling', 0),
	('guanciale', 0),
	('bucatini', 0),
	('parmesan', 0),
	('romano', 0),
	('powdered sugar', 0),
	('chuck roast', 0),
	('cola', 0);


/*!40000 ALTER TABLE `ingredient` ENABLE KEYS */;
UNLOCK TABLES;


# Dump of table recipe
# ------------------------------------------------------------

DROP TABLE IF EXISTS `recipe`;

CREATE TABLE `recipe` (
  `recipeID` int(11) unsigned NOT NULL AUTO_INCREMENT,
  `recipeName` varchar(100) DEFAULT NULL,
  `instruction` varchar(5000) DEFAULT NULL,
  `time` int(11) DEFAULT NULL,
  `numberOfIngredients` int(11) DEFAULT NULL,
  `rating` float DEFAULT NULL,
  `ingredients` varchar(50000) DEFAULT NULL,
  `picture` varchar(10000) DEFAULT NULL,
  `timesClicked` int(11) NOT NULL DEFAULT '0',
  PRIMARY KEY (`recipeID`)
) ENGINE=InnoDB DEFAULT CHARSET=latin1;

LOCK TABLES `recipe` WRITE;
/*!40000 ALTER TABLE `recipe` DISABLE KEYS */;

INSERT INTO `recipe` (`recipeID`, `recipeName`, `instruction`, `time`, `numberOfIngredients`, `rating`, `ingredients`, `picture`, `timesClicked`)
VALUES
	(1,'Carrot Cake','DIRECTIONS:\n1.In a mixing bowl, mix sugar, vegetable oil, and eggs. In another bowl, sift together flour, baking soda, salt, and cinnamon. Fold dry ingredients into wet mixture and blend well. Fold in carrots and chopped nuts until well blended. Distribute batter evenly into 3 (9-inch) cake layer pans, which have been generously greased. There will be approximately 1 pound 5 ounces of batter per pan. \n\n2. Place in preheated oven and bake for 50 to 60 minutes. Cool layers in pans, for approximately 1 hour. Store layers in pans, inverted, in closed cupboard to prevent drying. Layers must be a minimum of 1 day old.\r\n\r\n3. To remove layers from baking pan, turn upside down, tap edge of pan on a hard surface. Center a 9-inch cake circle on top of revolving cake stand. Remove paper from bottom of layer cake. Place first layer, bottom side down, at center of cake stand. With a spatula, evenly spread approximately 3 1/2 ounces of frosting on the layer. Center second layer on top of first layer with topside down. Again with a spatula, evenly spread approximately 3 1/2 ounces of frosting on the layer. Center third layer on top of second layer with topside down. Using both hands, press firmly but gently, all layers together to get one firm cake. With spatula, spread remainder of frosting to cover top and sides of cake. Refrigerated until needed. Display on counter or cake stand with a plastic cover.',95,7,4,'INGREDIENTS:\n2 cups granulated sugar\n1 1/2 cups vegetable oil\n4 fresh whole eggs\n2 cups pastry flour\n2 teaspoons baking soda\n1 teaspoon salt\n2 teaspoons ground cinnamon\n3 cups raw finely ground carrots\n4 ounces finely chopped walnuts\n1 1/2 pounds powdered sugar\n12 ounces room temperature cream cheese\n1 tablespoon vanilla extract\n2 ounces room temperature margarine','http://lh3.ggpht.com/bdusWZTgamcDJJZ3G4sekfMG1Cw1_laYpkNt_ghgSoJVLqUSVAN2uhnA7pW9zgZ96q_U3zCas0tbNR_mrBGT9A=s730-c-e365',0),
	(2,'Beef Burger','DIRECTIONS:\n\n1. In a large bowl, mix ground beef, onion powder, salt and pepper until just combined. Do not overmix, or your patties will be tough.\r\nForm patties, without pressing too hard. They should be uniform in thickness. Smooth out any cracks using your fingers. Make these right before you grill them, so they stay at room temperature.\r\n\r\n2. Preheat your grill, grill pan or cast-iron skillet to high heat and add burger patties. If using a grill, cover with the lid.\r\n\r\n3. Cook until the crust that forms on the bottom of the burger releases it from the pan or grate ? about 2 minutes. Gently test, but don\'t flip it until it gets to this point. When burgers lift up easily, flip, add two slices of cheese to each, close lid if using a grill, and cook on the other side for another 2-3 minutes for medium to medium rare. \r\n\r\n4. Remove burgers with a sturdy metal spatula and transfer to a plate. Allow to rest for several minutes, then transfer to buns.\r\n\r\n5. Garnish as desired and serve immediately.',25,5,5,'INGREDIENTS:\n2 pounds freshly ground chuck, (at least 80% lean, a.k.a. 80/20)\n1 tablespoon onion powder\n1 teaspoon salt\n1 teaspoon freshly ground black pepper\n12 slices deli-counter American cheese\n6 large burger buns, preferably homemade, toasted if desired','http://lh4.ggpht.com/ZcombAtc807urAH89vi1Ccey8kiNeWNFLwT5TmWCbhIS1F7DAqTSvc3WO4FoM6G7BzCMv0om7b3WX7dscfn2K4U=s730-c-e365',0),
	(3,'Spinach, Feta, Sun-dried Tomato Omelet','DIRECTIONS:\n\n1. In a medium bowl, beat the eggs with a pinch each of salt and pepper.\n\n2. Melt the butter in a medium nonstick skillet over medium heat. Add the eggs and cook, stirring and tilting the pan, until just set, 2 to 3 minutes. \n\n3. Sprinkle with the spinach, sun-dried tomatoes, and Feta; fold the eggs over the filling. \n\n4. Transfer to a plate and serve with the bread.',25,5,5,'INGREDIENTS:\n2 large eggs \nkosher salt and black pepper \n1/2 tablespoon unsalted butter \n1/2 cup spinach, chopped \n2 tablespoons oil-packed sun-dried tomatoes, chopped \n2 tablespoons crumbled Feta country bread, for serving','http://lh3.ggpht.com/vBDxkLbUSNWSlQIAkSOxML9GmiELdSXrQOa2VGbCXdqSArEV9aYPOb_yo08jgLwkC9uYtTZCW_Glpvfql7voDXI=s730-c-e365',1),
	(4,'Stir-fried Egg and Tomato','DIRECTIONS:\n\n1. Beat eggs with 1/2 teaspoon salt until smooth but not frothy.\r\n\r\n2. Heat 1 tablespoon oil in a 12-inch nonstick skillet over medium-high heat until hot. Add eggs and cook, undisturbed, just until a thin film of cooked egg forms on bottom of skillet but most of eggs are still runny, 5 to 10 seconds. Immediately scrape eggs into a bowl. Wipe out skillet.\r\n\r\n3. Heat remaining tablespoon oil in skillet over medium-high heat until hot. Add scallions and stir-fry until just softened, about 30 seconds. Add tomatoes and cook, stirring and turning occasionally, until juices are released and tomatoes are slightly wilted but still intact, 4 to 6 minutes. Sprinkle sugar and 1/4 teaspoon salt over tomatoes and stir to combine. Return eggs to skillet and cook, stirring occasionally, until eggs are just cooked through. Serve sprinkled with reserved scallion greens.',15,4,4,'INGREDIENTS:\n6 large eggs\n2 tablespoons vegetable oil, divided\n2 scallions, finely chopped (reserve some chopped greens for garnish)\n4 medium tomatoes (about 1 pound), each cut into 6 wedges\n1 teaspoon sugar\nAccompaniment: white rice','http://lh5.ggpht.com/BLmHLiKl1vkczpP0jzRRVj88xJo3zczzXDL9SwdNXDdtiNofxvjvDUenSiGhj3NZIsHqv-gBYdntkxOIZqNu9eE=s730-e365',0),
	(5,'Carrot, Potato, Cabbage Soup','DIRECTIONS:\n\n1. Combine the carrots, potatoes, onion, cabbage, garlic, chicken stock, olive oil, thyme, basil, parsley, salt, and pepper in a stock pot over medium-high heat; bring to a simmer and cook until the carrots are tender, about 20 minutes. Transfer to a blender in small batches and blend until smooth.',50,10,5,'INGREDIENTS:\n4 large carrots, thinly sliced\n2 large potatoes, thinly sliced\n1 large onion, thinly sliced\n1/4 medium head green cabbage, thinly sliced\n2 cloves garlic, smashed\n6 cups chicken stock\n1 tablespoon olive oil\n1/4 teaspoon dried thyme\n1/4 teaspoon dried basil\n1 teaspoon dried parsley\n1 teaspoon salt\nground black pepper to taste','http://lh3.ggpht.com/jhAXLuFBxMWzcioDS4OqLW1YcY2SnHn1To2Vzeh9uGonttiwHk8KhhtkqFzt0HJwewXHJQiyz5nvE9Z9FJ9b1g=s730-c-e365',0),
	(6,'Caesar Salad','DIRECTIONS:\n\n1. For the dressing: Place the anchovies into a blender or food processor. Throw in the Dijon mustard, vinegar, Worcestershire, garlic and lemon juice. Pulse the processor or blend on low speed for several seconds. Scrape down the sides.\r\n\r\n2. With the food processor or blender on, drizzle the olive oil into the mixture in a small stream. Scrape down the sides. Add the Parmesan, salt and a generous grind of black pepper. Pulse the whole thing together and mix until thoroughly combined. Refrigerate the dressing for a few hours (it just gets better!) before using it on the salad.\r\n\r\n3. For the croutons: Slice the bread into thick slices and cut them into 1-inch cubes. Throw them onto a baking sheet.\r\n\r\n4. Heat the olive oil in a small saucepan or skillet over low heat.\r\n\r\n5. Crush-but don\'t chop-the garlic and add them to the oil. Use a spoon to move the garlic around in the pan. After 3 to 5 minutes, turn off the heat and remove the garlic from the pan.\r\n\r\n6. Slowly drizzle the olive oil over the bread cubes. Mix together with your hands, and then sprinkle lightly with salt. Toss and cook in the pan until golden brown and crisp. (Add a little butter for more flavor!)\r\n\r\n7. For the salad: Wash and dry the hearts of romaine lettuce. Leave them whole. Use a vegetable peeler and shave off large, thin slices of Parmesan.\r\n\r\n8. Drizzle about half of the dressing over the top of the hearts. Throw in a good handful of the Parmesan shavings. Give it a good initial toss, just so you can evaluate how much more dressing you need.\r\n\r\n9. Add more dressing and Parmesan to taste. Add the cooled croutons. Toss gently.\r',20,10,5,'INGREDIENTS:\nSalad Dressing:\n4 whole anchovy fillets\n2 tablespoons (and up to 3 tablespoons) Dijon mustard\n1 tablespoon balsamic or red wine vinegar (balsamic makes it nice and rich)\n1 teaspoon Worcestershire sauce\n2 cloves fresh garlic, peeled\n1/2 whole lemon, juiced\n1/2 cup olive oil\n1/4 cup freshly grated Parmesan\n1 dash salt\nFreshly ground black pepper\nCroutons:\n1/2 loaf crusty French bread\n1/4 cup olive oil\n2 cloves fresh garlic, peeled\nSalt\nSalad:\nHearts of romaine lettuce\nFresh Parmesan wedge','http://lh3.ggpht.com/4mXfGtrhAPAqwa9zCvXyCwQGOSxsQuCiAZFOPDNREIM7BXwK11DonVItJ7hL68uUiTNIHjzFYfDmYafaQMIDGw=s730-e365',0),
	(7,'Fried Chicken','DIRECTIONS:\n\n1. Preheat the oven to 350 degrees F. Spray a baking sheet with nonstick cooking spray.\r\n\r\n2. Mix together the flour and 1 teaspoon of the House Seasoning in a small bowl. Sprinkle the chicken with the remaining 1 teaspoon House Seasoning. Pour the buttermilk into a shallow dish. Dredge the chicken in the buttermilk, followed by the flour.\r\n\r\n3. Heat 2 tablespoons of the oil in a heavy nonstick skillet over medium-high heat. Add half of the chicken breasts to the hot oil and cook until both sides are browned, about 3 minutes per side, and then transfer to the baking sheet. Repeat with the remaining chicken breasts. Transfer the baking sheet to the oven and bake until the chicken is cooked through, about 10 minutes.\r\n\r\n4. Whisk together the cornstarch and 1/4 cup chicken broth until dissolved. Set aside.\r\n\r\n5. To make the gravy , add the remaining 1 tablespoon oil to the same skillet and heat over medium heat. Add the onions and saute until translucent, about 2 minutes.\r\n\r\n6. Add the remaining chicken broth, scrape the pan drippings with a wooden spoon, raise the heat to medium-high and cook until the mixture begins to bubble, about 2 minutes. Stir in the dissolved cornstarch to incorporate. Bring to a simmer and continue to cook until the mixture thickens, 4 to 5 minutes. Stir in the milk and black pepper and continue cooking over medium-high heat until thickened, 5 minutes longer.\r\n\r\n7. Remove the chicken from the oven and top each piece with 4 teaspoons of the gravy. Sprinkle with the chopped green onions.\r\n\r\n8. Mix together the salt, garlic powder and pepper.',45,10,5,'INGREDIENTS:\nNonstick cooking spray, for greasing\n1 1/2 cups all-purpose flour\n2 teaspoons House Seasoning, recipe follows\nEight 4-ounce boneless, skinless chicken breasts, pounded\n1 1/2 cups low-fat buttermilk\n3 tablespoons olive oil\n1 1/2 teaspoons cornstarch\nOne 14-ounce can reduced-sodium chicken broth\n1/4 cup sliced Vidalia onion\n1/2 cup reduced-fat 1-percent milk\n1/4 teaspoon freshly ground black pepper\n2 green onions, chopped\nHouse Seasoning\n1 cup kosher salt\n1/4 cup garlic powder\n1/4 cup ground black pepper','http://lh6.ggpht.com/2dR4QiNYJ8fJo6fAXfzaRbQkJhemOsMt1Sv6_Av8aXCbjpwx_e1bfu-Gwafbp0iXSkTGn33G7QevCUEsOEv6Xpk=s730-e365',0),
	(8,'Yogurt Parfait','DIRECTIONS:\n\n1. Line up 4 parfait, white wine, or other tall glasses.\r\n\r\n2. Spoon 2 tablespoons of yogurt into each glass and smooth surface.\r\n\r\n3. Spoon 2 tablespoons of granola overtop and smooth surface.\r\n\r\n4. Spoon 2 tablespoons of fruit overtop and smooth surface.\r\n\r\n5. Repeat the process, adding a bit of honey here and there, to taste.\r',5,4,5,'INGREDIENTS:\n2 cups plain yogurt\n2 cups your favorite granola\n2 cups fresh berries ( raspberries, blueberries, strawberries (hulled and sliced), and/or other fruit such as bananas, peaches or mangos, peeled and sliced\n4 tablespoons honey','http://lh4.ggpht.com/usZQLOAOGWfuB-dUouynQSxgLLSzdUGR79zc4EJTXMEB8XOAv5R3FUjGO1ODUVndyESoLwexqmLqijES7V1o=s730-c-e365',0),
	(9,'BLT','DIRECTIONS:\n\n1. Cook the bacon in a large, deep skillet over medium-high heat until evenly browned, about 10 minutes. Drain the bacon slices on a paper towel-lined plate.\r\n\r\n2. Arrange the cooked bacon, lettuce, and tomato slices on one slice of bread. Spread one side of remaining bread slice with the mayonnaise. Bring the two pieces together to make a sandwich.',15,5,5,'INGREDIENTS:\n4 slices bacon\n 2 leaves lettuce\n 2 slices tomato\n2 slices bread, toasted\n 1 tablespoon mayonnaise','http://lh4.ggpht.com/8SZBMmJ1NHF1X-Hnr6Zw4kTsJfVwCXULEC9XsQQndIZuSwI6ZFYscT20JABx1SoR-sP6JOD_s0-He7aQfM8DLQ=s730-c-e365',0),
	(10,'Grilled Cheese Sandwich','DIRECTIONS:\n\n1. Preheat skillet over medium heat. \n\n2. Generously butter one side of a slice of bread. Place bread butter-side-down onto skillet bottom and add 1 slice of cheese. Butter a second slice of bread on one side and place butter-side-up on top of sandwich. \n\n3. Grill until lightly browned and flip over; continue grilling until cheese is melted. Repeat with remaining 2 slices of bread, butter and slice of cheese.',20,3,5,'INGREDIENTS:\n4 slices white bread\n3 tablespoons butter, divided\n2 slices Cheddar cheese','http://lh4.ggpht.com/Nh455zm85ukgJhPUxf7JXfuqFTW9YcRjkGL4fiiM-GoI4sz_Cyj0X7xLsmw8lzx89Skd3sP34Vk1JJnB1kg9LPA=s730-e365',0),
	(11,'Grilled Salmon','DIRECTIONS:\n\n1. Season salmon fillets with lemon pepper, garlic powder, and salt.\r\n\r\n2. In a small bowl, stir together soy sauce, brown sugar, water, and vegetable oil until sugar is dissolved. Place fish in a large resealable plastic bag with the soy sauce mixture, seal, and turn to coat. Refrigerate for at least 2 hours.\r\n\r\n3. Preheat grill for medium heat.\r\n\r\n4. Lightly oil grill grate. Place salmon on the preheated grill, and discard marinade. Cook salmon for 6 to 8 minutes per side, or until the fish flakes easily with a fork.',150,3,4,'INGREDIENTS:\n1 1/2 pounds salmon fillets\nlemon pepper to taste\ngarlic powder to taste\nsalt to taste\n1/3 cup soy sauce\n1/3 cup brown sugar\n1/3 cup water\n1/4 cup vegetable oil','http://lh6.ggpht.com/wV-AyjWXPSuMzk80GqvomH6UidIG4hb-gCWUwDq6DzOkHHGAQx4QY5bbrtih9sqErhRxY6VCUkQd3Yu1YOBdXN4=s730-c-e365',0),
	(12,'Honey Grilled Shrimp','DIRECTIONS:\n\n1. In a small bowl, combine the salad dressing, honey and garlic; set aside 1/2 cup. Pour remaining marinade into a large resealable plastic bag; add the shrimp. Seal bag and turn to coat; refrigerate for 30 minutes. Cover and refrigerate reserved marinade for basting.\n\n2. Drain and discard marinade. Thread shrimp onto eight metal or soaked wooden skewers. Moisten a paper towel with cooking oil; using long-handled tongs, rub on grill rack to coat lightly.\n\n3. Grill, uncovered, over medium heat or broil 4 in. from the heat for 1 to 1-1/2 minutes on each side. Baste with reserved marinade. Grill or broil 3-4 minutes longer or until shrimp turn pink, turning and basting frequently.',20,2,5,'INGREDIENTS:\n1 bottle (8 ounces) Italian salad dressing\n 1 cup honey\n 1/2 teaspoon minced garlic\n 2 pounds uncooked medium shrimp, peeled and deveined','http://lh3.ggpht.com/xrqsnSDMPuKTf90Yo8V1xn-BBl3VdlH68NHBoCFI9t0866P7VFqY60fajmXdSkSQaB7wGCvdsuNoZGSYdDDQSw=s730-c-e365',0),
	(13,'Grilled Vegetables','DIRECTIONS:\n\n1. Place a grill pan over medium-high heat or prepare the barbecue (medium-high heat). Brush the vegetables with 1/4 cup of the oil to coat lightly. Sprinkle the vegetables with salt and pepper. \n\n2. Working in batches, grill the vegetables until tender and lightly charred all over, about 8 to 10 minutes for the bell peppers; 7 minutes for the yellow squash, zucchini, eggplant, and mushrooms; 4 minutes for the asparagus and green onions. Arrange the vegetables on a platter. The key to getting those great grill marks is to not shift the vegetables too frequently once they\'ve been placed on the hot grill.\n\n3. Meanwhile, whisk the remaining 2 tablespoons of oil, balsamic vinegar, garlic, parsley, basil, and rosemary in a small bowl to blend. Add salt and pepper to taste. Drizzle the herb mixture over the vegetables. Serve the vegetables, warm or at room temperature.',40,10,5,'INGREDIENTS:\n3 red bell peppers, seeded and halved\n3 yellow squash (about 1 pound total), sliced lengthwise into 1/2-inch-thick rectangles\n3 zucchini (about 12 ounces total), sliced lengthwise into 1/2-inch-thick rectangles\n3 Japanese eggplant (12 ounces total), sliced lengthwise into 1/2-inch-thick rectangles\n12 cremini mushrooms\n1 bunch (1-pound) asparagus, trimmed\n12 green onions, roots cut off\n1/4 cup plus 2 tablespoons olive oil\nSalt and freshly ground black pepper\n3 tablespoons balsamic vinegar\n2 garlic cloves, minced\n1 teaspoon chopped fresh Italian parsley leaves\n1 teaspoon chopped fresh basil leaves\n1/2 teaspoon finely chopped fresh rosemary leaves','http://lh6.ggpht.com/bu--lxZsfKo-1leNXwoeQ8Td1_KQAR6mrslGOw4zTToyHvQsdlUhriz0eW4ei9zbR7MNqMKI70q_3A9M3yz4Qw=s730-e365',0),
	(14,'Grilled Chicken with Kale','DIRECTIONS:\n\n1. Preheat the oven to 425 degrees F. Toss the potatoes with 1/2 tablespoon olive oil on a rimmed baking sheet; spread in a single layer and roast 5 minutes. Toss the kale in a large bowl with the garlic, 1/2 tablespoon olive oil, 1/4 teaspoon salt, and pepper to taste. Add to the baking sheet with the potatoes and toss. Roast until the kale is crisp and the potatoes are tender, stirring once, 15 to 20 minutes.\n\n2. Meanwhile, preheat a grill or grill pan to medium and brush with olive oil. Slice the chicken breasts in half horizontally to make 4 cutlets. Coat evenly with 1/2 tablespoon olive oil and season with salt and pepper. \n\n3. Grill the chicken until well marked and cooked through, 2 to 4 minutes per side. Transfer to a plate.\n\n4. Toss the kale, potatoes, the remaining 1/2 tablespoon olive oil, the salad greens, tomatoes, parmesan, lemon juice, and salt and pepper to taste in a large bowl. Divide the chicken among plates and top with any collected juices. Serve with the kale salad.',40,9,4,'INGREDIENTS:\n1/2 pound small red-skinned potatoes, cut into 1/2-inch pieces\n2 tablespoons extra-virgin olive oil, plus more for brushing\n1 large bunch kale, stems removed, leaves torn (about 10 cups)\n3 cloves garlic, thinly sliced\nKosher salt and freshly ground pepper\n2 large skinless, boneless chicken breasts (about 1 1/2 pounds)\n4 cups mixed salad greens\n1/2 cup cherry tomatoes, halved\n1/3 cup grated parmesan cheese\n1 tablespoon fresh lemon juice','http://foodnetwork.sndimg.com/content/dam/images/food/fullset/2012/3/8/1/FNM_040112-WN-Dinners-003-0_s3x4.jpg.rend.sni12col.landscape.jpeg',0),
	(15,'Grilled Philly Cheese Steak','DIRECTIONS:\n\n1. Preheat grill to high. Melt butter in a medium saucepan on top of the grates of the grill. Whisk in flour and cook for 1 minute. Add the milk and cook until thickened. Whisk in the cheese and cook until melted. Add dry mustard and season with salt and pepper. Keep warm.\n\n2. Brush filets with oil on both sides and season with salt and pepper. Grill for 2 to 3 minutes on each side for rare, which is desired for this sandwich. Let rest for 5 minutes and then slice into 1/8-inch thick slices.\n\n3. Slice 7/8 of the way through the rolls and fill each with several slices of the beef, cheese sauce, and any or all of the toppings. Return sandwiches to the grill, close top, and grill very briefly just to heat through.',25,9,4,'INGREDIENTS:\n2 tablespoons unsalted butter\n2 tablespoons all-purpose flour\n2 cups whole milk\n1 1/2 to 2 cups grated sharp yellow Cheddar\n2 teaspoons dry mustard\nSalt and freshly ground pepper\n2 filet mignons, 12 to 16 ounces each\n2 tablespoons olive oil\n4 soft Italian rolls, split and grilled\nToppings:\nGrilled yellow and red onions, coarsely chopped\nGrilled mushrooms, sliced\nGrilled green peppers, sliced\nGrilled Cubano peppers, sliced','http://lh3.ggpht.com/9Nu6093AcI_t63I88lvTf5BNumw5spx3Y-ONHIme7GfIJDfnHIXvNqVY-2lO_4_m-a7XeWeEnaE8ekXCCH1Bmw=s730-c-e365',0),
	(16,'Cookie Dough Blizzard','DIRECTIONS:\n\n1. Place all cookie dough ingredients (except chocolate chips) into your food processor and blend until cookie dough consistency.\n\n2. Remove from food processor, place in a bowl and fold in chocolate chips.\nSet aside.\n\n3. In the food processor place ice cream ingredients and blend until smooth.\n\n4. Add cookie dough mixture in dollops into the food processor with the ice cream.\nPulse a couple times.\n\n5. Remove from food processor, feel free to top with 1 tbsp of chocolate chips, crushed nuts, and/or shredded coconut and serve.',5,9,4,'INGREDIENTS:\nCookie Dough Ingredients:\n1/2 Cup Natural Peanuts\n1/2 Cup Natural Cashews\n1/2 Cup Pitted Dates\n1 Tsp Vanilla Extract\n2 Tbsp Maple Syrup\n1/3 Cup Dark Chocolate Chips (or Carob Chips)\n\nIce Cream Ingredients:\n4 Chopped, Frozen Bananas\nPinch of Salts\n6 Packets of Stevia (or 2 Tbsp of Maple Syrup\n1 Tsp Cinnamon\n1 Cup Light Coconut Milk\n1/4 Cup Shredded Coconut','http://lh4.ggpht.com/TtBlIbgsphbDWYErvyTM7LFY7qrb3_yHFRuzlLvUMXNhPhJBuwR8AiD1tWCw8Zzk4HnB4rL1R3mzrL8wqH-G=s730-c-e365',0),
	(17,'Vegan Cheesecake','DIRECTIONS:\n\n1. Add dates to a food processor and blend until small bits remain and it forms into a ball. Remove and set aside.\n\n2. Next add nuts and process into a meal. Then add dates back in and blend until a loose dough forms - it should stick together when you squeeze a bit between your fingers. If it\'s too dry, add a few more dates through the spout while processing. If too wet, add more almond or walnut meal. Optional: add a pinch of salt to taste.\n\n3. Lightly grease a standard, 12 slot muffin tin. To make removing the cheesecakes easier, cut strips of parchment paper and lay them in the slots. This creates little tabs that makes removing them easier to pop out once frozen.\n\n4. Next scoop in heaping 1 Tbsp amounts of crust and press with fingers. To pack it down, use a small glass or the back of a spoon to compact it and really press it down. I found the bottom of a glass works well. If it sticks, separate the crust and the glass with a small piece of parchment. Set in freezer to firm up.\n\n5. Add all filling ingredients to a blender and mix until very smooth. For the coconut milk, I like to scoop the \"cream\" off the top because it provides a richer texture. But if yours is already all mixed together, just add it in as is.\n\n6. You don\'t need a Vitamix for this recipe, just a quality blender. I mixed mine for 1 minute, then \"liquified\" or \"pureed\" it until silky smooth. If it won\'t come together, add a touch more lemon juice or agave or a splash more coconut milk liquid as the liquid should help it blend better.\n\n7. Taste and adjust seasonings as needed. If adding peanut butter, add to the blender and mix until thoroughly combined. If flavoring with blueberry or caramel, wait and swirl on top of plain cheesecakes (optional).\n\n8. Divide filling evenly among the muffin tins. Tap a few times to release any air bubbles, then cover with plastic wrap and freeze until hard - about 4-6 hours.\n\n9. Once set, remove by tugging on the tabs or loosening them with a butter knife. They should pop right out. Add more caramel or top with whipped coconut cream if you desire.  Keep in the freezer for up to 1-2 weeks.\nOptional: you can set them out for 10 minutes before serving to soften.',20,8,5,'INGREDIENTS:\nCrust:\n1 cup pitted dates (soaked in warm water for 10 minutes then drained)\n1 cup raw walnuts or almonds\nFilling:\n1.5 cups raw cashews, soaked in water 4-6 hours then drained\n1 large lemon, juiced (scant 1/4 cup)\n1/3 cup coconut oil, melted\n1/2 cup + 2 Tbsp full fat coconut milk (see instructions for note)\n1/2 cup agave nectar or maple syrup (or honey if not vegan)\nOptional Flavor Add-Ins:\n2 Tbsp salted natural peanut butter\n1/4 cup wild blueberries (fresh or frozen)\n3 Tbsp bourbon caramel sauce','http://lh3.ggpht.com/jFibUDTVTnJxIMu16XJqefs0ktisHcjHANtP3BEyS6Zm1IOw3wp849aJa4N9DHuoZJIWBt6ZGVP5rYsm4a_3hA=s730-c-e365',0),
	(18,'Sushi Rolls','DIRECTIONS:\n\n1. Rinse the rice in cold water while stirring briskly to remove any dirt. Drain the rice completely. Place the rice and the 6 cups of water in a medium sized saucepan and cover it with a tight fitting lid. Bring the water to a boil over medium heat. Allow the water to boil for 3 minutes and then reduce the heat to low and continue cooking 15 minutes without removing the lid. Remove the rice from the heat and remove the lid (the water should no longer be visible). Turn the rice out evenly on a well-greased cookie sheet using a spatula or rice paddle. Sprinkle the rice with the vinegar, sugar, and salt while mixing with a spatula or rice paddle until the rice reaches body temperature. Keep the rice covered with damp paper towels or napkin until the rice is ready to use.\n\n2. Place a nori sheet lengthwise on a bamboo rolling mat, shiny-side down. Position the sheet about 1-inch from the edge of the mat closest to you and leave some of the bamboo mat exposed on either side of the nori sheet. \n\n3. Wet your hands in cool water and take a handful of sushi rice. Place the rice in the center of the nori and use your fingers to spread the rice evenly over the nori. Be sure to leave a 3/4-inch strip of nori uncovered on the far side. \n\n4. Place tuna strips and some julienne vegetable, cucumber or avocado along the center of the rice. Be careful not to overfill the nori. Place your fingertips over the fillings to hold them in place. Then, use your thumbs to lift up the edge of the bamboo rolling mat closest to you. Begin rolling the mat away from you, while applying pressure to the fillings to keep the roll firm. Roll the mat over slowly until it covers the rice and the near and far sides of rice join, still leaving the 3/4-inch strip of nori, rice-free, exposed. While holding the bamboo mat in position, apply pressure to the roll with your fingers to make the roll firm. Slice the roll in half, then cut both rolls twice to make 6 equal sized pieces. Repeat this process with the salmon and various fillings, nori and rice.',55,7,5,'INGREDIENTS:\n5 sheets nori\n2 cups sushi rice, recipe follows\n2 ounces sushi-grade tuna, cut into1/4 by 1/2 by 3-inch strips\n2 ounces sushi-grade salmon, cut into1/4 by 1/2 by 3-inch strips\n1 hot house cucumber, julienne\n1 carrot, peeled and julienne\n1/2 avocado, thinly sliced','http://lh4.ggpht.com/T3rf4wG10XSg4yiQQ4kE2fQqX07lJiaO58LndRvb3A8S4N0fXS2YsUFzcE_ooozlMPUZNtVGVNoPIbpd6yLbG5I=s730-e365',0),
	(19,'Peach Salsa with Raw Veggie Crackers','DIRECTIONS:\n\n1. Place tomato, onion and zucchini in food processor and process until smooth. \n\n2. Add ground flax, Braggs and salt and pepper and process until incorporated. \n\n3. Spread 1/4-inch thick on non-stick dehydrator sheet.\n\n4. Dehydrate at 145 for 1 hour*, reduce heat and dehydrate until dry. 12-24 hours, removing to screens halfway through dehydration.',90,8,5,'INGREDIENTS:\nSalsa:\n2 peaches, peeled and diced\n1 medium tomato, diced\n1/2 red onion, diced\n1 lime, juice from\n1/2 jalape?o pepper, seeded and white membrane removed, finely diced\n2-4 tablespoons finely chopped cilantro (to taste, I like lots)\nHimalayan salt to taste\n1. Mix all ingredients in bowl. Chill.\nVeggie Crackers:\n1 medium tomato\n1 medium onion\n2 medium zucchini, chopped into one-inch slices\n1 cup freshly ground golden flax\n2 tablespoons Braggs Liquid Aminos \nHimalayan salt and fresh ground pepper to taste','http://lh3.ggpht.com/byBpVmXzQa3uVi5MK8mGxVaJYf67LiBkRPmWzazdFjqpKuCLqj8WJ_phBtyvnLOjm7mVhzVD93PGuDnB92qI=s730-e365',0),
	(20,'Steak Tartare','DIRECTIONS:\n\n1. Combine anchovies (if using), capers, and mustard in a nonreactive bowl. Using a fork or the back of a spoon, mash ingredients until evenly combined; mix in egg yolks. \n\n2. Use a rubber spatula to fold remaining ingredients into mustard mixture until thoroughly combined. Season well with salt and freshly ground black pepper. Serve immediately with toast points or french fries.',5,10,4,'INGREDIENTS:\n3 medium oil-packed anchovy fillets (optional, adjust salt if added), rinsed and minced\n2 teaspoons brined capers, drained and rinsed\n3 teaspoons Dijon mustard\n2 large egg yolks\n10 ounces USDA prime beef tenderloin, cut into small dice, covered, and refrigerated\n2 tablespoons finely chopped red onion\n2 tablespoons finely chopped Italian parsley leaves\n4 teaspoons olive oil\n3 dashes hot sauce (such as Tabasco)\n4 dashes Worcestershire sauce\n3/4 teaspoon crushed chile flakes (optional)','http://lh4.ggpht.com/faOH7E7DMqbqj2NyeQur-QVpDifOQ0dsFrKPBcPr0wKW7PC-qoQPCagpSUKDr3C5lQek2tjlKvRlqL1-DAMBhNI=s730-c-e365',0),
	(21,'Microwave Baked Potato','DIRECTIONS:\n\n1. Scrub the potato, and prick several time with the tines of a fork. Place on a plate.\r\n\n2. Cook on full power in the microwave for 5 minutes. Turn over, and continue to cook for 5 more minutes. When the potato is soft, remove from the microwave, and cut in half lengthwise. Season with salt and pepper, and mash up the inside a little using a fork. Top the open sides with butter and 2 tablespoons of cheese. Return to the microwave, and cook for about 1 minute to melt the cheese.\r\n\n3. Top with remaining cheese and sour cream, and serve.',12,5,4,'INGREDIENTS:\n1 large russet potato\n1 tablespoon butter or margarine\n3 tablespoons shredded Cheddar cheese\nsalt to taste\npepper to taste\n3 teaspoons sour cream','http://lh5.ggpht.com/kh6VjBwci_bOLw3jHIvydJDY6mXPNwJFvG9oCqqyA_hQqSjGq7cTa8o3ZBKqDvS4CoCo1nNkyVzddMEgm_DzkA=s730-c-e365',0),
	(22,'One Bowl Chocolate Fudge','DIRECTIONS:\n\n1. Line an 8x8 inch square dish with aluminum foil.\r\n\n2. Chop chocolate and place in a large, microwave safe bowl with condensed milk. Microwave on high, stirring once or twice until chocolate is soft, 2 to 3 minutes. Remove from oven and stir until completely smooth. Stir in vanilla and walnuts. Spread in prepared pan.\r\n\n3. Refrigerate 2 hours, until firm. Cut into squares.',138,4,5,'INGREDIENTS:\n16 ounces semisweet chocolate\n1 (14 ounce) can sweetened condensed milk\n2 teaspoons vanilla extract\n1 1/2 cups chopped walnuts','http://lh5.ggpht.com/Z7dXjHVTkN9qSwk3AsNHQ-3QanjVzMw2qnYAKYUpl9qapFaE2L5PNKayWCk3HaMTXxf9eVvaT-IVEeXNwpG7vQ=s730-c-e365',0),
	(23,'Funnel Cake','DIRECTIONS:\n\n1. In a large bowl, mix all dry ingredients.\r\n\n2. Beat egg, milk, and vanilla together in a separate bowl.\r\n\n3. Add milk mixture to dry ingredients beating until smooth.\r\n\n4. Fill 8\" skillet with 1 inch oil and heat to 375 degrees.\r\n\n5. Cover funnel hole with finger and fill with about 1/4 cup of batter.\r\n\n6. Hold funnel over skillet and remove finger moving funnel around to form patterns with the batter.\r\n\n7. Fry until golden brown, about 1 or 2 minutes.\r\n\n8. Turn over with tongs and continue frying another minute or two or until both sides are brown.\r\n\n9. Remove from oil, drain on paper towels, and sprinkle with powdered sugar.\r\n\n10. Serve hot.',18,10,5,'INGREDIENTS:\n1 1/3 cups flour\n1/4 teaspoon salt\n1/2 teaspoon baking soda\n2 1/2 tablespoons sugar\n3/4 teaspoon baking powder\n1 egg, beaten\n3/4 cup milk\n1 teaspoon vanilla\noil, for frying\npowdered sugar','http://lh5.ggpht.com/vTntYBCBVNkK3nSJ-OahWscjOLmBtQjI2BCIeGby6-yizLYuxnZNuGF6cnNA2jEMwiQXwXax0Vpg_Przfm5PTw=s730-c-e365',0),
	(24,'Fried Butterflied Shrimp','DIRECTIONS:\n\n1. Preheat deep fryer or skillet with oil to 350 degrees F (175 degrees C).\r\n\n2. In a large bowl, pour in water and mix in cornstarch and eggs.\r\n\n3. Dip the shrimp into the mixture allowing them to be completely coated. Then roll the shrimp in the breadcrumbs. Coat the shrimp well with the breadcrumbs. Mix up the cornstarch batter again. Dip the breadcrumbs coated shrimp back into the cornstarch batter. Roll the shrimp in the breadcrumbs for a second time. Repeat for each shrimp.\r\n\n4. Drop shrimp, one at a time, into the hot oil and cook shrimp until they are golden brown.',35,6,5,'INGREDIENTS:\n1 pound large shrimp, peeled and deveined and butterflied\n1 quart water\n1 1/2 cups cornstarch\n2 eggs\n2 cups fresh bread crumbs\n5 cups oil for deep frying','http://lh6.ggpht.com/HMETm0edtNtVQD9f6p85TtupSPf75-grGPZZm_q7cn6o-rWBYu1VIWT37zj1CppEry54Cq2QjmcdKtTFbMj__A=s730-c-e365',0),
	(25,'Chicken Parmesan','DIRECTIONS:\n\n1. Pound chicken to flatten.\r\n\n2. Salt and pepper to taste.\r\n\n3. Dip chicken in egg; then in bread crumbs.\r\n\n4. Fry in butter in hot skillet, turning and browning for 10 minutes or until chicken is done.\r\n\n5. Remove from skillet.\r\n\n6. To skillet add spaghetti sauce.\r\n\n7. Heat thoroughly.\r\n\n8. Add chicken.\r\n\n9. Place slices of mozzarella on top of chicken.\r\n\n10. Sprinkle with parmesan.\r\n\n11. Cover and cook until cheese is melted.\r\n\n12. Serve with a side of spaghetti.',23,9,5,'INGREDIENTS:\n4 boneless skinless chicken breast halves\nsalt\npepper\n1/2 cup Italian breadcrumbs\n1 egg, beaten\n4 teaspoons butter\n2 cups spaghetti sauce\n4 slices mozzarella cheese\n1 teaspoon grated parmesan cheese','http://img.sndimg.com/food/image/upload/w_266/v1/img/recipes/19/13/5/pic7V2lhR.jpg',0),
	(26,'Tofu Chili','DIRECTIONS:\n\n1. In a medium bowl, crumble the tofu and toss with the chili powder and garlic.\n\n2. Heat the oil in a large saucepan over medium heat, and saute the onion and celery until tender. Stir in the tofu mixture. Continue cooking about 5 minutes over low heat.\n\n3. Mix in the corn, kidney beans, and stewed tomatoes. Add water and bring to a boil. Reduce heat to low and simmer about 50 minutes.',75,10,4,'INGREDIENTS:\n1/2 (12 ounce) package extra firm tofu\n1 teaspoon chili powder\n1 clove garlic, minced\n2 tablespoons vegetable oil\n1/2 cup onion, chopped\n2 stalks celery, chopped\n1/2 cup whole kernel corn, undrained\n1 (15.25 ounce) can kidney beans, undrained\n1 (14.5 ounce) can stewed tomatoes, undrained\n1 quart water','http://images.media-allrecipes.com/userphotos/250x250/01/55/46/1554634.jpg',0),
	(27,'Macaroni and Tomatoes','DIRECTIONS:\n\n1. Cook macaroni according to directions.\n\n2. Drain and return to pot.\n\n3. Add tomatoes including juices and heat on low/medium until hot.\n\n4. If using diced or whole tomatoes, crush.\n\n5. Be careful macaroni doesn\'t stick to bottom of pot - stir frequently!\n\n6. I have added butter and/or cheese whiz for additional flavour.\n\n7. Depending on amount of macaroni cooked, I have used 28 oz can of tomatoes.\n\n8. I have also used italian style tomatoes and chili tomatoes which give it a slightly different flavour, but plain tomatoes are best for our family preference. I have tried canned tomatoes with olive oil and spices (to be used for brushetta) and they are too oily and doesn\'t result have good results.',11,4,4,'INGREDIENTS:\n2 -3 cups uncooked macaroni\n1 (19 ounce) can tomatoes\nsalt\npepper','http://cdn-image.myrecipes.com/sites/default/files/styles/300x300/public/image/recipes/ck/05/01/macaroni-ck-1011318-x.jpg?itok=qaByxIFh',0),
	(28,'Crispy Smoked Mozzarella with Honey and Figs','DIRECTIONS:\n\n1. In a large pot, heat the vegetable oil over medium heat to 175?C.\n\n2. Place 1 sheet of filo on a dry work surface. Place one slice  of cheese about 12cm from the top of the narrow end of the sheet. Fold the top of the narrow end over the cheese, leaving 2 1/2cm between the fold and the cheese. Next fold over 1 of the long sides then the other, again leaving 2 1/2cm between the folds and the cheese. Then fold the cheese over, again leaving 2 1/2cm between the fold and the cheese. Continue folding to make a package about 9 by 10cm. Continue with the remaining pieces of cheese and filo. \n\n3. Fry the filo and cheese packages, 2 or 3 at a time, in the oil until golden, about 2 mins per side. Drain on a baking sheet lined with paper towels.\n\n4. Meanwhile, heat the figs and honey in a small saucepan over low heat until the honey is warm. Set aside until the cheese packages have finished frying.\n\n5. To serve, place 1 cheese package on a plate. Spoon some figs and drizzle some honey over the top of each cheese package. Sprinkle with black sesame seeds and serve immediately.',25,6,4,'INGREDIENTS:\n6 sheets filo pastry\n6 oz (170g) smoked mozzarella, cut into 6 equal pieces\nVegetable oil, for frying\n8 oz (225g) dried figs, stemmed and quartered\n9 oz (255g) honey, plus more for drizzling\n? oz (10g) black sesame seeds','http://w2.fnstatic.co.uk/sites/default/files/styles/recipe_main_pic/public/pictures/recipeImages/EI1015_37568_s4x3.jpg?itok=NNR6l3bo',0),
	(29,'Crispy Prosciutto Wrapped Asparagus','DIRECTIONS:\n\n1. Preheat the oven to 400F. Wrap 2 asparagus spears with a slice of prosciutto. Place spears on baking sheet. Drizzle olive oil on the tips and ends of the asparagus (avoiding the prosciutto). Roast for 8-10 minutes, until the asparagus is cooked through and the prosciutto becomes crispy.\n\n2. In a small bowl, whisk together the Philadelphia Cooking Cream with the water. Microwave on medium setting for 45 seconds.\n\n3. Plate the asparagus and drizzle the Philadelphia Cooking Cream over the asparagus. Serve immediately.',20,5,5,'INGREDIENTS:\n1 pound asparagus, tough ends trimmed and discarded\n8 ounces prosciutto, very thinly sliced\n1 tablespoon olive oil\n1/2 cup Philadelphia Cooking Creme (any flavor, I used Italian Cheese and Herb)\n1 tablespoon water','http://steamykitchen.com/wp-content/uploads/2011/04/proscuitto-wrapped-asparagus-recipe-8170.jpg',0),
	(30,'Spicy Queso Dip','DIRECTIONS:\n\n1. Cook onion in hot oil in a large nonstick skillet over medium-high heat 8 minutes or until tender. Add garlic, and cook 1 minute. Remove from heat.\n\n2. Combine cheese, tomatoes, and onion mixture in a large microwave-safe glass bowl. Microwave at HIGH 5 minutes, stirring every 2 1/2 minutes. Stir in cilantro. Serve with tortilla chips.',20,9,5,'INGREDIENTS:\n1 small onion, diced\n1 tablespoon oil\n1 garlic clove, minced\n1 (16-oz.) package pepper Jack pasteurized prepared cheese product, cubed\n1 (10-oz.) can diced tomatoes and green chiles\n2 tablespoons chopped fresh cilantro\nTortilla chips','http://cdn-image.myrecipes.com/sites/default/files/styles/300x300/public/image/recipes/sl/11/05/spicy-queso-dip-sl-x.jpg?itok=qx7pexYC',0),
	(31,'Cracker Pizza','DIRECTIONS:\n\n1. Spread each cracker with 1/2 teaspoon pizza sauce, place a slice of pepperoni on top, and sprinkle with about 1 tablespoon of shredded mozzarella cheese. Place crackers onto a microwave safe plate.\n\n2. Microwave on High for 1 to 2 minutes, until cheese melts.',7,4,4,'INGREDIENTS:\n24 whole wheat crackers\n1/4 cup pizza sauce\n24 slices pepperoni, or pizza toppings of your choice\n1 1/2 cups finely shredded mozzarella cheese','http://images.media-allrecipes.com/userphotos/250x250/00/12/24/122419.jpg',0),
	(32,'Grand Marnier Deep Fried Bananas','DIRECTIONS:\n\n1. Combine the rice flour, sugar, salt, milk, Grand Marnier, baking soda and vanilla bean scrapings in a medium bowl. Let the batter sit at room temperature for 30 minutes.\n2. In a deep pot heat the canola oil to 350?F.\n\n3. While the oil is heating, dip the bananas into the batter to coat. When the oil is hot enough, add the bananas and fry until golden brown, about 3 minutes. Don\'t overcrowd the pan or you\'ll get a big mess.  Only add as many as will float in an even single layer. Remove with a slotted spoon and transfer to paper towels to drain excess oil.  Continue in batches depending on the size of your pot.\n\n4. Sprinkle with confectioner\'s sugar if you choose and serve.',60,10,5,'INGREDIENTS:\n1 1/2 cups cake flour\n1/2 cup granulated sugar\n2 teaspoons salt\n1 1/2 cups whole milk\n1/4 cup Grand Marnier\n1/4 teaspoon baking soda\n1 vanilla bean, split and scraped, bean pod discarded\n3 cups canola oil\n4 bananas, cut 1-inch thick on the bias\nconfectioner\'s sugar, *optional for sprinkling','http://www.foodrepublic.com/sites/default/files/imagecache/embed/recipe/grandmarnierbananas.jpg',0),
	(33,'Stove Top Macaroni and Cheese','DIRECTIONS: \n\n1. Cook macaroni pasta for 8-10 minutes in salted water, until al dente.\n\n2. Reserve 1 cup pasta water before draining the pasta.\n\n3. Drain the pasta and return it to the pot.\n\n4. Add 1/4 cup pasta water, the yogurt, and 1/3 of the grated cheese and stir until the cheese has melted.\n\n5. Stir in remaining cheese, one small handful at a time to prevent clumping.\n\n6. Add additional pasta water as necessary to thin the cheese sauce.\n\n7. Stir in peas and chicken, if using, and serve warm.\n\n8. To reheat, microwave in 30 second intervals, stirring in between. If you think it needs it, add a tablespoon or two of skim milk or water. It\'s usually creamy enough after it\'s heated thoroughly but it\'s up to you.',30,7,4,'INGREDIENTS:\n8 oz macaroni pasta\n8 oz American cheese, grated\n1/2 cup fat-free Greek yogurt\nSalt\nPepper\n1 1/2 cup frozen peas, thawed\n1 cup shredded chicken (optional)','http://farm7.static.flickr.com/6169/6173262871_fb453f15c1_z.jpg',0),
	(34,'Deep Fried Oreos','DIRECTIONS:\n\n1. Heat oil in deep-fryer to 375 degrees F (190 degrees C).\n\n2. Whisk together the egg, milk, and 2 teaspoons of vegetable oil in a bowl until smooth. Stir in the pancake mix until no dry lumps remain. Dip the cookies into the batter one at a time, and carefully place into the hot frying oil. Fry only 4 or 5 at a time to avoid overcrowding the deep fryer. Cook until the cookies are golden-brown, about 2 minutes. Drain on a paper towel-lined plate before serving.',30,6,5,'INGREDIENTS:\n2 quarts vegetable oil for frying\n1 large egg\n1 cup milk \n2 teaspoons vegetable oil\n1 cup pancake mix\n1 (18 ounce) package cream-filled chocolate sandwich cookies (such as Oreo?)','http://images.media-allrecipes.com/userphotos/250x250/00/37/72/377284.jpg',0),
	(35,'Japanese-Style Deep Fried Chicken','DIRECTIONS:\n\n1. In a large bowl, mix together eggs, salt, pepper, sugar, garlic, ginger, sesame oil, soy sauce, and bouillon. Add chicken pieces, and stir to coat. Cover, and refrigerate for 30 minutes.\n\n2. Remove bowl from refrigerator, add potato starch and rice flour to meat, and mix well.\n\n3. In a large skillet or deep fryer, heat oil to 365 degrees F (185 degrees C). Place chicken in hot oil, and fry until golden brown. Cook meat in batches to maintain oil temperature. Drain briefly on paper towels. Serve hot.',70,13,5,'INGREDIENTS:\n2 eggs, lightly beaten\n1/2 teaspoon salt\n1/2 teaspoon black pepper\n1/2 teaspoon white sugar\n1 tablespoon minced garlic\n1 tablespoon grated fresh ginger root\n1 tablespoon sesame oil\n1 tablespoon soy sauce\n1/8 teaspoon chicken bouillon granules\n1 1/2 pounds skinless, boneless chicken breast halves - cut into 1 inch cubes\n3 tablespoons potato starch\n1 tablespoon rice flour\noil for frying','http://images.media-allrecipes.com/userphotos/250x250/00/29/61/296189.jpg',0),
	(36,'Best Ever 5 Minute Microwave Hummus','DIRECTIONS:\n\n1. Microwave undrained chickpeas and whole garlic cloves in a mixing bowl for 4-5 minutes.\n\n2. Add to blender or food processor and process with lemon juice, salt and tahini. Stream in olive oil while mixing.\n\n3. Process until smooth and creamy, scraping down sides as needed. Taste and adjust seasonings as you prefer. I find 3/4 tsp salt to be the perfect amount.\n\n4. Garnish with a little more olive oil and paprika, and serve with veggies, crackers and pita. Leftovers keep in the refrigerator for up to 1 week or more. It tastes even better refrigerated, as it has time to thicken up and develop in flavor.',5,6,3,'INGREDIENTS:\n1 15-ounce can chickpeas, NOT drained\n2-4 cloves garlic (depending on how garlicky you prefer it)\n1/2 cup tahini\n2 Tbsp fresh lemon juice\n3/4 ? 1 tsp sea salt\n1-2 Tbsp extra virgin olive oil','http://i.minimalistbaker.com/wp-content/uploads/2014/05/5-Minute-Microwave-Hummus-vegan-glutenfree-and-totally-restuarant-worthy.jpg',0),
	(37,'Corn on the Cob with Chile and Lime','DIRECTIONS:\n\n1. Microwave corn, in their husks, for about 15-20 minutes. (Until cooked)\n\n2. Remove husks and corn silk. Rub each corn with a little butter. Squeeze lime juice and sprinkle with chili seasoning. Enjoy!',20,4,4,'INGREDIENTS:\n4 ears corn with husks\n1 lime, cut in wedges\n1 tps butter\nMcCormick Chili with Lime Seasoning','http://2.bp.blogspot.com/_BizpeaUzxq8/SBslqhCq9tI/AAAAAAAAAJU/kr46QbLWwnA/s400/corn.jpg',0),
	(38,'Basil Lemonade','DIRECTIONS:\n\n1. Combine sugar and 1/4 cup water in a microwave safe bowl and heat for 45 seconds. Then stir until sugar is dissolved and liquid is clear. Set aside to cool.\n\n2. Use muddler (is base of a wooden spoon) to muddle together lemon juice and basil leaves and infuse the juice with basil flavor.\n\n3. Add 2/3 cup of cold water and sugar syrup, to taste. Pour over ice and serve!',20,5,3,'INGREDIENTS:\n1/4 cup granulated sugar\n1/3 cup freshly squeezed lemon juice (from 2 large lemons)\n1/4 cup fresh basil leaves, roughly torn\nwater\nice','http://camillestyles.com/wp-content/uploads/2012/03/IMG_0037.jpg',0),
	(39,'S-more Chocolate Bark','DIRECTIONS:\n\n1. Melt the dark chocolate in a double boiler or in 20-second intervals in the microwave. You want it to be just melted?don?t let it bubble or burn. As it?s melting, stir it occasionally with a heatproof spatula.\n\n2. Remove the dark chocolate from the microwave or the heat, and add the marshmallows. Stir to coat them all with chocolate. Let sit for a moment while you make the white chocolate combo.\n\n3. Melt the white chocolate in a second double boiler or in 20-second intervals in the microwave. Same as before?you want it to be just melted, don?t let it bubble or burn. As it?s melting, stir it occasionally with a heatproof spatula.\n\n4. Remove the white chocolate from the microwave or the heat, and add the chopped graham. Stir to coat them all with chocolate.\n\n5. Spoon the white chocolate in a random pattern on a parchment-lined baking sheet. Then repeat with the dark chocolate-marshmallow combo, filling in the gaps.  Put the sheets in the freezer or fridge and let the bark sit until hardened. This should take about 1 hour in the freezer, slightly more in the fridge.\n\n6. Using a knife, cut the bark into bite-size pieces that include both white and dark chocolate. Store in the fridge until ready to serve.',70,4,4,'INGREDIENTS:\n2 cups bittersweet chocolate chips\n2 cups good-quality white chocolate chips (ingredient list must contain cocoa butter)\n2 cups chopped graham crackers\n2 cups mini marshmallows','http://www.biggirlssmallkitchen.com/wp-content/uploads/2012/07/IMG_8779-600x399.jpg',0),
	(40,'Chocolate Fondue','DIRECTIONS:\n\n1. Place all of the ingredients in a medium microwave-safe bowl. Cook in the microwave on medium power (50%) for 1? minutes. Take out and stir. Microwave on medium power for 30-60 seconds more, then stir the mixture until smooth. (Note: you want to take it out when it is almost melted; there should be enough residual heat to melt any remaining bits of chocolate.)\n\n2. Transfer the mixture to a fondue pot or bowl and serve with assorted dippers.\n\n3. Note: It\'s a good idea to stir the fondue occasionally to avoid scorching. If you don\'t have a fondue pot, you can re-warm the fondue over medium heat in the microwave if necessary.',15,4,4,'INGREDIENTS:\n1 cup heavy cream\n8 ounces premium semi-sweet chocolate, finely chopped\n1 tablespoon sugar\n1 tablespoon unsalted butter','http://www.onceuponachef.com/images/2011/02/chocolate-fondue.jpg',0),
	(41,'Spinach Mushroom Quiche','DIRECTIONS:\n1.	Preheat oven to 400 degrees F (200 degrees C).\n2.	Fit pie crust into a 9-inch pie dish.\n3.	Whisk eggs, milk, parsley, garlic, salt, black pepper, and nutmeg in a bowl.\n4.	Gently combine spinach, mushrooms, onion, and feta cheese in a separate bowl. Spread spinach-mushroom mixture in the prepared pie dish; top with half the Swiss cheese.\n5.	Pour egg mixture evenly over the filling, swirling egg mixture in bowl to spread seasonings through the eggs; top the quiche with remaining Swiss cheese. Place quiche on a baking sheet.\n6.	Bake in preheated oven until the quiche is lightly puffed and browned, 45 to 50 minutes. A toothpick inserted into the center of the filling should come out clean. Cool for 30 minutes before serving.',90,7,3,'INGREDIENTS:\n1 prepared 9-inch single pie crust\n4 eggs\n3/4 cup milk\n1 tablespoon chopped fresh parsley\n1 teaspoon minced garlic\n1/2 teaspoon salt\n1/2 teaspoon ground black pepper\n1/8 teaspoon ground nutmeg\n1/2 (10 ounce) bag fresh spinach\n1 (8 ounce) package sliced fresh\nmushrooms\n1/2 yellow onion, sliced\n1/2 (4 ounce) container crumbled feta\ncheese\n1/2 (8 ounce) package shredded Swiss\ncheese, divided','http://www.marilynmoll.com/wp-content/spinachMushroomQuiche.jpg',0),
	(42,'Vegetable Lasagna','DIRECTIONS:\n1.	Preheat oven to 350 degrees F (175 degrees C). Spray a 9x13 inch baking dish with cooking spray.\n2.	Bring a large pot of lightly salted water to a boil. Add noodles and cook for 8 to 10 minutes or until al dente; drain.\n3.	Spray a large skillet with cooking spray and heat on medium-high. Saute onion and garlic for 3 minutes, or until onion is tender-crisp. Stir in broth and rosemary; bring to a boil. Stir in artichoke hearts and spinach; reduce heat, cover and simmer 5 minutes. Stir in pasta sauce.\n4.	Spread 1/4 of the artichoke mixture in the bottom of the prepared baking dish; top with 3 cooked noodles. Sprinkle 3/4 cup mozzarella cheese over noodles. Repeat layers 2 more times, ending with artichoke mixture and mozzarella cheese. Sprinkle crumbled feta on top.\n5.	Bake, covered, for 40 minutes. Uncover, and bake 15 minutes more, or until hot and bubbly. Let stand 10 minutes before cutting.',80,7,4,'INGREDIENTS:\ncooking spray\n9 uncooked lasagna noodles\n1 onion, chopped\n4 cloves garlic, chopped\n1 (14.5 ounce) can vegetable broth\n1 tablespoon chopped fresh rosemary\n1 (14 ounce) can marinated artichoke\nhearts, drained and chopped\n1 (10 ounce) package frozen chopped\nspinach, thawed, drained and squeezed\ndry\n1 (28 ounce) jar tomato pasta sauce\n3 cups shredded mozzarella cheese,\ndivided\n1 (4 ounce) package herb and garlic feta,\ncrumbled','http://feedingmyfolks.com/wp-content/uploads/2011/04/P1120985-1.jpg',0),
	(43,'Egg Fritata','DIRECTIONS:\n1.	Preheat oven to 350 degrees F (175 degrees C).\n2.	Heat 3 tablespoons of olive oil over medium heat in an oven-safe skillet, and cook and stir the onion and garlic until translucent, about 5 minutes. Stir in the green peppers, and cook and stir until they have begun to soften, 5 more minutes. Pour the eggs over the vegetables, and stir in the basil, rosemary, salt, and pepper. Reduce the heat to medium-low, let the eggs sit over the heat until they have started to set, about 10 minutes.\n3.	Transfer the skillet to the preheated oven and cook the frittata until fully set, about 15 minutes.\n4.	While the frittata is baking, heat 1 cup of olive oil in a deep-fryer or large saucepan to 375 degrees F (190 degrees C). Deep-fry the sweet potato slices, a layer at a time, until golden brown and crisp, about 5 minutes. Remove with a slotted spoon, and drain on paper towels. Top baked frittata with the fried sweet potato slices to serve.\n',45,6,3,'INGREDIENTS:\n3 tablespoons olive oil\n1 small red onion, chopped\n3 cloves garlic, chopped\n2 green bell peppers, diced\n12 eggs, beaten\n1/2 cup chopped fresh basil leaves\n4 sprigs fresh rosemary, leaves removed\nand chopped\n1 teaspoon salt\n1/2 teaspoon freshly ground black\npepper\n1 cup olive oil for frying\n1 sweet potato, peeled and cut into thin\nmatchsticks\n','http://3.bp.blogspot.com/-LbKz-t2etZI/T-Wy7kLp7iI/AAAAAAAAH_I/pnQ7FHOYHrU/s1600/frittata+top.jpg',0),
	(44,'Baked Rice and Vegetables','DIRECTIONS:\n1.	Preheat oven to 425 degrees F (220 degrees C).\n2.	In a 9 x 13 inch baking dish combine white rice, wild rice, brown rice, mushrooms, broccoli, carrots, bell pepper, onion, salt, onion flakes, paprika, black pepper and broth. Mix well; cover.\n3.	Bake in preheated oven for 30 minutes, or until cooked through; stir once during baking.',45,7,3,'INGREDIENTS:\n3/4 cup uncooked long-grain rice\n1 tablespoon uncooked wild rice\n1/4 cup uncooked brown rice\n1/4 cup sliced fresh mushrooms\n1/4 chopped fresh broccoli\n1/4 cup chopped carrots\n1/4 cup chopped red bell pepper\n1/4 cup finely chopped onion\n1 teaspoon salt\n1 teaspoon dried onion flakes\n1 teaspoon paprika\n1/4 teaspoon black pepper\n2 1/2 cups vegetable broth','http://www.tonysfinerfood.com/sites/default/files/styles/recipe_image/public/Chicken%20and%20Vegetables%20Rice.jpg?itok=pzNWUjtj',0),
	(45,'Bean Burger','DIRECTIONS:\n1.	Preheat oven to 350 degrees F (175 degrees C). Grease a baking sheet.\n2.	Mash black beans in a bowl; add onion, garlic, carrots, and green bell pepper. Mix.\n3.	Whisk cornstarch, water, chile-garlic sauce, chili powder, cumin, seafood seasoning, salt, and black pepper together in a separate small bowl. Stir cornstarch mixture into black bean mixture.\n4.	Mix whole-wheat bread into bean mixture. Stir flour, 1/4 cup at a time, into bean mixture until a sticky batter forms.\n5.	Spoon \'burger-sized\' mounds of batter onto the prepared baking sheet, about a 3/4-inch thickness per mound. Shape into burgers.\n6.	Bake in the preheated oven until cooked in the center and crisp in the outside, about 10 minutes on each side.',35,8,4,'INGREDIENTS:\n1 (15 ounce) can black beans, drained\nand rinsed\n1/3 cup chopped sweet onion\n1 tablespoon minced garlic\n3 baby carrots, grated (optional)\n1/4 cup minced green bell pepper\n(optional)\n1 tablespoon cornstarch\n1 tablespoon warm water\n3 tablespoons chile-garlic sauce (such\nas Sriracha), or to taste\n1 teaspoon chili powder\n1 teaspoon ground cumin\n1 teaspoon seafood seasoning (such as\nOld Bay)\n1/4 teaspoon salt\n1/4 teaspoon ground black pepper\n2 slices whole-wheat bread, torn into\nsmall crumbs\n3/4 cup unbleached flour, or as needed','http://www.bbcgoodfood.com/sites/bbcgoodfood.com/files/recipe_images/recipe-image-legacy-id--195529_11.jpg',0),
	(46,'Vegan Mac and No Cheese','DIRECTIONS:\n1.	Preheat oven to 350 degrees F (175 degrees C).\n2.	Bring a large pot of lightly salted water to a boil. Add macaroni, and cook for 8 to 10 minutes or until al dente; drain. Transfer to a medium baking dish.\n3.	Heat vegetable oil in a medium saucepan over medium heat. Stir in onion, and cook until tender and lightly browned. Gently mix with the macaroni.\n4.	In a blender or food processor, mix cashews, lemon juice, water, and salt. Gradually blend in canola oil, roasted red peppers, nutritional yeast, garlic powder, and onion powder. Blend until smooth. Thoroughly mix with the macaroni and onions.\n5.	Bake 45 minutes in the preheated oven, until lightly browned. Cool 10 to 15 minutes before serving.',75,6,4,'INGREDIENTS:\n1 (8 ounce) package uncooked elbow\nmacaroni\n1 tablespoon vegetable oil\n1 medium onion, chopped\n1 cup cashews\n1/3 cup lemon juice\n1 1/3 cups water\nsalt to taste\n1/3 cup canola oil\n4 ounces roasted red peppers, drained\n3 tablespoons nutritional yeast\n1 teaspoon garlic powder\n1 teaspoon onion powder','http://2.bp.blogspot.com/-ZWpDO96bWKw/UtG7ehpng0I/AAAAAAAAAok/Rk2b972LDxM/s1600/IMG_5603.JPG',0),
	(47,'Vegan Chocolate Cake','DIRECTIONS:\n1.	Preheat oven to 350 degrees F (175 degrees C). Lightly grease one 9x5 inch loaf pan.\n2.	Sift together the flour, sugar, cocoa, baking soda and salt. Add the oil, vanilla, vinegar and water. Mix together until smooth.\n3.	Pour into prepared pan and bake at 350 degrees F (175 degrees C) for 45 minutes. Remove from oven and allow to cool.',60,7,8,'INGREDIENTS:\n1 1/2 cups all-purpose flour\n1 cup white sugar\n1/4 cup cocoa powder\n1 teaspoon baking soda\n1/2 teaspoon salt\n1/3 cup vegetable oil\n1 teaspoon vanilla extract\n1 teaspoon distilled white vinegar\n1 cup water','http://www.cocoandme.com/wp-content/uploads/2008/05/cm_vegan_chocolate_cake_sl.jpg',0),
	(48,'Scones','DIRECTIONS:\n1.	Preheat the oven to 400 degrees F (200 degrees C). Grease a baking sheet.\n2.	Sift the flour, sugar, baking powder and salt into a large bowl. Cut in margarine until the mixture is the consistency of large grains of sand. I like to use my hands to rub the margarine into the flour. Stir in poppy seeds, lemon zest and lemon juice. Combine the soy milk and water, and gradually stir into the dry ingredients until the batter is moistened, but still thick like biscuit dough. You may not need all of the liquid.\n3.	Spoon 1/4 cup sized plops of batter onto the greased baking sheet so they are about 3 inches apart.\n4.	Bake for 10 to 15 minutes the preheated oven, until golden.',25,6,2,'INGREDIENTS:\n2 cups all-purpose flour\n3/4 cup white sugar\n4 teaspoons baking powder\n1/2 teaspoon salt\n3/4 cup margarine\n1 lemon, zested and juiced\n2 tablespoons poppy seeds\n1/2 cup soy milk\n1/2 cup water\n','http://racheleats.files.wordpress.com/2008/11/scones-11.jpg',0),
	(49,'Zucchini Bread','DIRECTIONS:\n1.	Preheat oven to 325 degrees F (165 degrees C). Grease and flour two 9x5 inch loaf pans. Whisk together the flour, flax seeds, salt, baking soda, cinnamon, baking powder, and arrowroot in a bowl until evenly blended; set aside.\n2.	Whisk together the applesauce, white sugar, brown sugar, vegetable oil, and vanilla extract in a bowl until smooth. Fold in the flour mixture and shredded zucchini until moistened. Divide the batter between the prepared loaf pans.\n3.	Bake in the preheated oven until a toothpick inserted into the center comes out clean, about 70 minutes. Cool in the pans for 10 minutes before removing to cool completely on a wire rack.',210,10,6,'INGREDIENTS:\n3 cups all-purpose flour\n3 tablespoons flax seeds (optional)\n1 teaspoon salt\n1 teaspoon baking soda\n2 teaspoons ground cinnamon\n1/2 teaspoon baking powder\n1/2 teaspoon arrowroot powder (optional\n)\n1 cup unsweetened applesauce\n1 cup white sugar\n1 cup packed brown sugar\n3/4 cup vegetable oil\n2 teaspoons vanilla extract\n2 1/2 cups shredded zucchini\n','http://www.simplyrecipes.com/wp-content/uploads/2008/07/zucchini-bread-600-wm-a.jpg',0),
	(50,'Banana-Blueberry Muffin','DIRECTIONS:\n1.	Preheat oven to 350 degrees F (175 degrees C). Line 4 muffin cups with paper liners.\n2.	Mix almond meal, flax seed, chia seeds, and baking soda together in a small bowl. Whisk eggs, honey, and apple cider vinegar together in a separate bowl. Stir almond meal mixture into egg mixture until batter is just mixed. Mash banana into batter and fold in blueberries. Scoop batter into the prepared muffin cups.\n3.	Bake in the preheated oven until slightly browned, about 15 minutes. Cool muffins in pan for 30 minutes.',60,7,4,'INGREDIENTS:\n1 cup almond meal\n1/2 teaspoon ground flax seed (optional)\n1/2 teaspoon chia seeds (optional)\n1/4 teaspoon baking soda\n2 eggs\n1 tablespoon honey\n1/2 teaspoon apple cider vinegar\n1/2 ripe banana\n3/4 cup fresh blueberries\n','http://parade.com/wp-content/uploads/2012/03/banana-blueberry-muffins_istockphoto1.jpg',0),
	(51,'Fish Stew','DIRECTIONS:\n1.	Heat the oil in a large pot over medium heat. Mix in the celery, onion, carrots, and garlic. Cook and stir until onion is tender. Stir in the tomatoes, water, wine, clam juice, and sherry. Dissolve bouillon cubes in the stew, and season with red pepper, salt, and pepper. Bring to a boil, reduce heat to low, and simmer 1 hour.\n2.	Mix the cilantro, shrimp, and fish into the stew. Continue cooking 5 minutes, or until shrimp is opaque and fish is easily flaked. Remove from heat, and allow to sit 10 minutes before serving.',105,11,1,'INGREDIENTS:\n1/4 cup olive oil\n4 stalks celery\n1/2 onion, diced\n3 carrots, diced\n3 cloves garlic, diced\n1 (14 ounce) can stewed tomatoes\n2 1/2 cups water\n1 cup white wine\n1 (8 ounce) bottle clam juice\n1/4 cup sherry\n2 cubes chicken bouillon\n1/2 teaspoon red pepper flakes\nsalt and pepper to taste\n1/2 bunch cilantro\n1/2 pound medium shrimp - peeled and\ndeveined\n1/2 pound white fish, cut into small\nchunks\n','http://www.simplyrecipes.com/wp-content/uploads/2008/02/dads-fish-stew-520.jpg',0),
	(52,'Salmon Pasta Salad','DIRECTIONS:\n1.	Fill a large pot with lightly salted water and bring to a rolling boil over high heat. Stir in the fusilli; return to a boil. Cook the pasta uncovered, until the pasta has cooked through, but is still firm to the bite, about 12 minutes. Drain well and rinse with cold water. Transfer cooled pasta to a large bowl.\n2.	Toss the carrot, onion, cucumber, celery, and salmon with the pasta; mix well.\n3.	Combine the mayonnaise, lemon juice, salt, pepper, and cayenne pepper in a small bowl; mix well. Pour sauce over pasta mixture. Mix well to coat evenly.',30,8,8,'INGREDIENTS:\n11 ounces multi-colored fusilli pasta\n1 small carrot, grated\n1 small onion, chopped\n1/2 cup diced cucumber\n1/2 cup diced celery\n8 ounces smoked salmon, cut into 3/4\ninch pieces\n1/3 cup mayonnaise\n2 teaspoons lemon juice\n1 pinch salt\n1 pinch ground black pepper\n1 pinch cayenne pepper (optional)\n','http://www.salmonfromnorway.com/var/ezflow_site/storage/images/b2c/recipes/usa/chilled-norwegian-salmon-pasta-salad/287854-1-eng-US/Chilled-Norwegian-Salmon-Pasta-Salad_large.jpg',0),
	(53,'Potato Salad','DIRECTIONS:\n1.	Place the eggs into a saucepan in a single layer and fill with water to cover the eggs by 1 inch. Cover the saucepan and bring the water to a boil over high heat. Remove from the heat and let the eggs stand in the hot water for 15 minutes. Pour out the hot water; cool the eggs under cold running water in the sink. Peel and chop the cooled eggs.\n2.	Place the potatoes into a large pot and cover with water. Bring to a boil over high heat, then reduce heat to medium-low, cover, and simmer until tender, 15 to 20 minutes. Drain and refrigerate until cold. Peel and cube once cold.\n3.	Stir together the mayonnaise, ranch dressing, relish, mustard, salt, pepper, paprika, and celery seed in a mixing bowl. Add the eggs, potatoes, onion, pepperoncini, and olives; stir until evenly mixed. Cover and refrigerate at least 2 hours before serving.',180,4,4.3,'INGREDIENTS:\n6 eggs\n10 red potatoes\n1 cup mayonnaise\n1/2 cup ranch dressing\n1/3 cup dill pickle relish\n2 tablespoons prepared yellow mustard\n1 1/2 teaspoons salt\n1/4 teaspoon ground black pepper\n1/8 teaspoon paprika\n1/8 teaspoon celery seed\n1 onion, chopped\n1/4 cup pepperoncini (optional)\n1/4 cup sliced black olives (optional)\n','http://www.macspeedshop.com/bbq-online-store/wp-content/uploads/2013/11/potato-salad.jpg',0),
	(54,'Spaghetti Broccoli','DIRECTIONS:\n1.	Bring a large pot of water to boil and cook pasta according to package directions; add broccoli to pasta 2 minutes before draining.\n2.	Meanwhile in a large skillet heat the sauce; drain the pasta/broccoli and combine with sauce.\n3.	Drizzle with extra virgin olive oil and top with cheese before serving.',15,5,3,'INGREDIENTS:\n1 (16 ounce) box Barilla Spaghetti\n2 cups broccoli florets, cut into small\npieces\n1 (24 ounce) jar Barilla Traditional\nSauce\n2 tablespoons extra virgin olive oil\n1/2 cup shredded Parmigiano-Reggiano\ncheese\n','http://eyeslobber.com/wp-content/uploads/2013/02/121026_Broccoli_Spaghetti_0031.jpg',1),
	(55,'Stuffed Pepper','DIRECTIONS:\n1.	Combine the millet, water and vegetable bouillon in a saucepan, and bring to a boil. Reduce heat to low, cover, and simmer for 15 minutes, or until the water is absorbed.\n2.	Slice the tops off of the peppers, and remove the seeds and cores. Set aside. When the millet is done, stir in the tomatoes and black beans. Spoon into the peppers until filled. Place the peppers into a glass baking dish, and cover with plastic wrap.\n3.	Cook in the microwave for 10 minutes, or until peppers are tender. Turn peppers every 2 to 3 minutes to ensure even cooking.',35,4,9,'INGREDIENTS:\n1 cup millet\n4 cups water\n4 cubes vegetable bouillon\n5 medium bell peppers\n3 medium tomatoes, chopped\n1 (15 ounce) can black beans, drained\n','http://www.johnsonville.com/recipe/italian-sausage-and-quinoa-stuffed-peppers/image/Italian_Sausage_and_Quinoa_Stuffed_Pepper-.jpg',0),
	(56,'Brussel Sprout','DIRECTIONS:\n1.	Cook Brussels sprouts in a pot of lightly salted boiling water for 15 minutes, or until fork-tender; strain through a colander, removing as much water as possible. Set aside.\n2.	Melt butter in a large skillet over medium high heat. Cook and stir mushrooms until lightly browned. Toss Brussels sprouts with mushrooms, and sprinkle with parsley and lemon juice. Serve immediately.',40,3,5,'INGREDIENTS:\n4 cups Brussels sprouts, trimmed and\nhalved\n1/2 pound whole mushrooms\n5 tablespoons butter\n1/2 cup chopped fresh parsley\nsalt and pepper to taste\nfresh lemon juice','http://www.copykat.com/wp-content/uploads/2011/01/roasted-brussle-sprouts.jpg',0),
	(57,'Chili','DIRECTIONS:\n1.	Heat a large stock pot over medium-high heat. Crumble the ground chuck and sausage into the hot pan, and cook until evenly browned. Drain off excess grease.\n2.	Pour in the chili beans, spicy chili beans, diced tomatoes and tomato paste. Add the onion, celery, green and red bell peppers, chile peppers, bacon bits, bouillon, and beer. Season with chili powder, Worcestershire sauce, garlic, oregano, cumin, hot pepper sauce, basil, salt, pepper, cayenne, paprika, and sugar. Stir to blend, then cover and simmer over low heat for at least 2 hours, stirring occasionally.\n3.	After 2 hours, taste, and adjust salt, pepper, and chili powder if necessary. The longer the chili simmers, the better it will taste. Remove from heat and serve, or refrigerate, and serve the next day.\n',150,16,5,'INGREDIENTS:\n2 pounds ground beef chuck\n1 pound bulk Italian sausage\n3 (15 ounce) cans chili beans, drained\n1 (15 ounce) can chili beans in spicy\nsauce\n2 (28 ounce) cans diced tomatoes with\njuice\n1 (6 ounce) can tomato paste\n1 large yellow onion, chopped\n3 stalks celery, chopped\n1 green bell pepper, seeded and chopped\n1 red bell pepper, seeded and chopped\n2 green chile peppers, seeded and\nchopped\n1 tablespoon bacon bits\n4 cubes beef bouillon\n1/2 cup beer\n1/4 cup chili powder\n1 tablespoon Worcestershire sauce\n1 tablespoon minced garlic\n1 tablespoon dried oregano\n2 teaspoons ground cumin\n2 teaspoons hot pepper sauce (e.g.\nTabasco?)\n1 teaspoon dried basil\n1 teaspoon salt\n1 teaspoon ground black pepper\n1 teaspoon cayenne pepper\n1 teaspoon paprika\n1 teaspoon white sugar\n1 (10.5 ounce) bag corn chips such as\nFritos\n1 (8 ounce) package shredded Cheddar\ncheese\n','http://hometownprovisions.net/wp-content/uploads/2013/02/Three-Bean-Chili.jpg',0),
	(58,'Beef Stroganoff','DIRECTIONS:\n1.	Season beef generously with salt and pepper.\n2.	Heat oil in a large skillet over high heat until nearly smoking. Stir in beef; cook, stirring constantly, for 6-7 minutes, until liquid evaporates and meat browns. Remove meat from the pan and set aside.\n3.	Stir butter, mushrooms and onions into the pan; cook and stir over medium heat until the vegetables are lightly browned. Add garlic and stir for 30 seconds. Stir in flour; cook for 1-2 minutes until incorporated.\n4.	Stir in wine and 1 cup of stock, scraping the bottom of the pan to release any browned bits. Bring to a simmer, cook for 3-4 minutes, until the sauce thickens.\n5.	Return beef to the pan. Stir in remaining cup of stock; bring to a simmer and cook on low heat for about 1 hour with the lid on, until the beef is tender and the sauce is thick. Stir every 20 minutes.\n6.	Stir in creme fraiche. Stir in chives. Season with salt and pepper to taste.',105,9,5,'INGREDIENTS:\n1 tablespoon vegetable oil\n2 pounds beef chuck roast, cut into 1/2\n-inch thick strips\nsalt and pepper to taste\n1 tablespoon butter\n1/2 medium onion, sliced or diced\n8 ounces sliced mushrooms\n2 cloves garlic, minced\n1 1/2 tablespoons all-purpose flour\n1/2 cup white wine\n2 cups beef broth, divided\n3/4 cup creme fraiche\n1 tablespoon fresh chopped chives\nsalt and pepper to taste','http://tailgategrilling.com/wp-content/uploads/2013/04/Slow-Cookers-Beef-Stroganoff.jpg',0),
	(59,'Spaghetti and Meatballs ','DIRECTIONS:\n1.	Heat the olive oil in a large saucepan over medium heat, and cook the onion until lightly brown. Mix in 2 cloves garlic, and cook 1 minute. Stir in crushed tomatoes, tomato paste, water, sugar, 1/2 the oregano, and bay leaf. Season with salt and pepper. Bring to a boil, reduce heat to low, and simmer while preparing meatballs.\n2.	In a bowl, mix the ground round, bread crumbs, remaining oregano, remaining garlic, parsley, eggs, and cheese. Season with salt and pepper. Roll into 1 inch balls, and drop into the sauce. Cook 40 minutes in the sauce, or until internal temperature of meatballs reaches a minimum of 160 degrees F (72 degrees C).\n3.	Bring a large pot of lightly salted water to a boil, and stir in the spaghetti. Cook 8 to 10 minutes, until al dente, and drain. Serve the meatballs and sauce over the cooked spaghetti.',75,9,6,'INGREDIENTS:\n3 tablespoons olive oil\n3/4 cup chopped onion\n4 cloves garlic, minced\n2 (16 ounce) cans crushed tomatoes\n3 (6 ounce) cans tomato paste\n1 cup water\n1/2 cup sugar\n1/4 cup chopped fresh oregano, divided\n1 dried bay leaf\nsalt and pepper to taste\n1 pound ground round\n1/2 cup Italian seasoned bread crumbs\n1/4 cup chopped fresh parsley\n2 eggs, lightly beaten\n1/2 cup grated Parmesan cheese\n1 (16 ounce) package uncooked\nspaghetti','http://www.gourmet.com/images/recipes/2009/01/rs-recipepicks-10spaghetti-meatballs608.jpg',0),
	(60,'Taco Pasta Salad','DIRECTIONS:\n1.	Bring a large pot of lightly salted water to a boil. Cook spiral pasta at a boil, stirring occasionally, until cooked through yet firm to the bite, about 12 minutes; drain.\n2.	Heat a large skillet over medium-high heat and stir in ground beef. Cook and stir until beef is crumbly, evenly browned, and no longer pink, about 10 minutes. Drain and discard any excess grease. Stir taco seasoning into beef mixture; cool.\n3.	Stir beef mixture into pasta; toss lettuce, tomatoes, Cheddar cheese, onion, French dressing, and corn chips into pasta mixture. Top with sour cream.',40,10,1,'INGREDIENTS:\n2 cups spiral pasta\n1 pound ground beef\n1 (1.25 ounce) package taco seasoning\n3 cups shredded lettuce\n2 cups halved cherry tomatoes\n1 cup shredded Cheddar cheese\n1/2 cup chopped onion\n1/2 cup French salad dressing\n1 (7 ounce) bag corn chips\n2 tablespoons sour cream\n','http://hostedmedia.reimanpub.com/TOH/Images/Photos/37/300x300/exps26963_QC10483D19.jpg',0),
	(61,'Banana Crumb Muffin','DIRECTIONS:\n1.	Preheat oven to 375 degrees F (190 degrees C). Lightly grease 10 muffin cups, or line with muffin papers.\n2.	In a large bowl, mix together 1 1/2 cups flour, baking soda, baking powder and salt. In another bowl, beat together bananas, sugar, egg and melted butter. Stir the banana mixture into the flour mixture just until moistened. Spoon batter into prepared muffin cups.\n3.	In a small bowl, mix together brown sugar, 2 tablespoons flour and cinnamon. Cut in 1 tablespoon butter until mixture resembles coarse cornmeal. Sprinkle topping over muffins.\n4.	Bake in preheated oven for 18 to 20 minutes, until a toothpick inserted into center of a muffin comes out clean.',35,9,13,'INGREDIENTS:\n1 1/2 cups all-purpose flour\n1 teaspoon baking soda\n1 teaspoon baking powder\n1/2 teaspoon salt\n3 bananas, mashed\n3/4 cup white sugar\n1 egg, lightly beaten\n1/3 cup butter, melted\n1/3 cup packed brown sugar\n2 tablespoons all-purpose flour\n1/8 teaspoon ground cinnamon\n1 tablespoon butter','http://mda.bigoven.com/pics/rs/256/banana-crumb-muffins-3.jpg',0),
	(62,'Chicken Fried Rice','DIRECTIONS:\n1.	Heat 1 tablespoon of vegetable oil in a large skillet set over medium heat. Add the chicken, bell pepper, green onion and garlic. Cook and stir until the chicken is cooked through, about 5 minutes. Remove the chicken to a plate and keep warm.\n2.	Heat the remaining tablespoon of oil in the same skillet over medium-high heat. Add the rice; cook and stir to heat through. Stir in the soy sauce, rice vinegar and peas, and continue to cook for 1 minute. Return the chicken mixture to the skillet and stir to blend with the rice and heat through before serving.',35,6,15,'INGREDIENTS:\n2 tablespoons vegetable oil, divided\n8 ounces skinless, boneless chicken\nbreast, cut into strips\n1/2 red bell pepper, chopped\n1/2 cup green onion, chopped\n4 cloves garlic, minced\n3 cups cooked brown rice\n2 tablespoons light soy sauce\n1 tablespoon rice vinegar\n1 cup frozen peas, thawed','http://mda.bigoven.com/pics/rs/256/chicken-fried-rice-4.jpg',0),
	(63,'Tuna Casserole','DIRECTIONS:\n1.	Preheat oven to 350 degrees F (175 degrees C).\n2.	In a 9x13-inch baking dish, combine the macaroni, tuna, and soup. Mix well, and then top with cheese.\n3.	Bake at 350 degrees F (175 degrees C) for about 25 minutes, or until bubbly. Sprinkle with fried onions, and bake for another 5 minutes. Serve hot.',45,5,13,'INGREDIENTS:\n3 cups cooked macaroni\n1 (6 ounce) can tuna, drained\n1 (10.75 ounce) can condensed cream\nof chicken soup\n1 cup shredded Cheddar cheese\n1 1/2 cups French fried onions','http://images.media-allrecipes.com/userphotos/140x140/00/66/86/668635.jpg',0),
	(64,'French Toast','DIRECTIONS:\n1.	Measure flour into a large mixing bowl. Slowly whisk in the milk. Whisk in the salt, eggs, cinnamon, vanilla extract and sugar until smooth.\n2.	Heat a lightly oiled griddle or frying pan over medium heat.\n3.	Soak bread slices in mixture until saturated. Cook bread on each side until golden brown. Serve hot.',30,6,16,'INGREDIENTS:\n1/4 cup all-purpose flour\n1 cup milk\n1 pinch salt\n3 eggs\n1/2 teaspoon ground cinnamon\n1 teaspoon vanilla extract\n1 tablespoon white sugar\n12 thick slices bread','http://images.media-allrecipes.com/userphotos/140x140/00/36/06/360680.jpg',0),
	(65,'Baked Garlic Parmesan Chicken','DIRECTIONS:\n1.	Preheat oven to 350 degrees F (175 degrees C). Lightly grease a 9x13 inch baking dish.\n2.	In a bowl, blend the olive oil and garlic. In a separate bowl, mix the bread crumbs, Parmesan cheese, basil, and pepper. Dip each chicken breast in the oil mixture, then in the bread crumb mixture. Arrange the coated chicken breasts in the prepared baking dish, and top with any remaining bread crumb mixture.\n3.	Bake 30 minutes in the preheated oven, or until chicken is no longer pink and juices run clear.',45,6,13,'INGREDIENTS:\n2 tablespoons olive oil\n1 clove garlic, minced\n1 cup dry bread crumbs\n2/3 cup grated Parmesan cheese\n1 teaspoon dried basil leaves\n1/4 teaspoon ground black pepper\n6 skinless, boneless chicken breast\nhalves\n','http://images.media-allrecipes.com/userphotos/140x140/00/61/84/618489.jpg',0),
	(66,'Broccoli Beef','DIRECTIONS:\n1.	In a small bowl, combine flour, broth, sugar, and soy sauce. Stir until sugar and flour are dissolved.\n2.	In a large skillet or wok over high heat, cook and stir beef 2 to 4 minutes, or until browned. Stir in broth mixture, ginger, garlic, and broccoli. Bring to a boil, then reduce heat. Simmer 5 to 10 minutes, or until sauce thickens.',30,8,14,'INGREDIENTS:\n1/4 cup all-purpose flour\n1 (10.5 ounce) can beef broth\n2 tablespoons white sugar\n2 tablespoons soy sauce\n1 pound boneless round steak, cut into\nbite size pieces\n1/4 teaspoon chopped fresh ginger root\n1 clove garlic, minced\n4 cups chopped fresh broccoli\n','http://images.media-allrecipes.com/userphotos/140x140/00/70/59/705947.jpg',0),
	(67,'Oven Fried Pork Chops','DIRECTIONS:\n1.	Preheat oven to 425 degrees F (220 degrees C). Pour butter into a 9x13 inch baking pan.\n2.	Stir together egg, milk and pepper. Dip pork chops in egg mixture, coat with stuffing mix and place in pan.\n3.	Bake in preheated oven for 10 minutes. Turn chops and bake for another 10 minutes, or until no pink remains in the meat and juices run clear.',30,5,16,'INGREDIENTS:\n4 pork chops, trimmed\n2 tablespoons butter, melted\n1 egg, beaten\n2 tablespoons milk\n1/4 teaspoon black pepper\n1 cup herb-seasoned dry bread stuffing\nmix','http://images.media-allrecipes.com/userphotos/140x140/00/42/22/422232.jpg',0),
	(68,'Egg and Sausage Casserole','DIRECTIONS:\n1.	Place sausage in a large, deep skillet. Cook over medium-high heat until evenly brown. Drain, crumble, and set aside.\n2.	Preheat oven to 325 degrees F (165 degrees C). Lightly grease a 9x13 inch baking dish.\n3.	Line the bottom of the prepared baking dish with crescent roll dough, and sprinkle with crumbled sausage. In a large bowl, mix beaten eggs, mozzarella, and Cheddar. Season the mixture with oregano, and pour over the sausage and crescent rolls.\n4.	Bake 25 to 30 minutes in the preheated oven, or until a knife inserted in the center comes out clean.',50,4,13,'INGREDIENTS:\n1 pound pork sausage\n1 (8 ounce) package refrigerated\ncrescent roll dough\n8 eggs, beaten\n2 cups shredded mozzarella cheese\n2 cups shredded Cheddar cheese\n1 teaspoon dried oregano','http://images.media-allrecipes.com/userphotos/140x140/01/59/80/1598004.jpg',0),
	(69, 'Slow-Cooker Pot Roast','DIRECTIONS:\n1.	In slow cooker, stir together cornstarch and 2 tablespoons cold water until smooth. Add carrots and onions; season with salt and pepper, and toss.\n2.	Sprinkle roast with 1 teaspoon salt and 1/2 teaspoon pepper; place on top of vegetables, and drizzle with Worcestershire. Cover; cook on high, 6 hours (or on low, 10 hours).\n3.	Transfer roast to a cutting board; thinly slice against the grain. Place vegetables in a serving dish; pour pan juices through a fine-mesh sieve, if desired. Serve roast with vegetables and pan juices.',360,4,4,'INGREDIENTS:\n1 tbsp corn starch\n8 carrots (medium, cut into thirds)\n2 onion (medium, each cut into 8 wedges)\ncoarse salt\nground pepper\n1 chuck roast (3 pounds, trimmed of excess fat)\n2 tbsps worcestershire sauce','http://lh5.ggpht.com/ITme71YzE8sNA2vbvvJSw-YgEhEnQMifhJV_eq8CVHm6POeCnIKvM_bjPdB7zHwfrIlO2U-CbudrRuQfTErPvg=s730-c-e365',0),
	(70,'Slow-Cooked Pork Barbecue','DIRECTIONS:\n1.	Cut roast in half; place in a 5-qt. slow cooker. Sprinkle with seasoned salt and garlic powder. Pour 1/4 cup cola over roast. Cover and cook on low for 4-5 hours or until meat is tender.\n2.	Remove roast; cool slightly. Shred meat with two forks and return to slow cooker. Combine barbecue sauce and remaining cola; pour over meat. Cover and cook on high for 1-2 hours or until sauce is thickened. Serve on buns.',300,6,4,'INGREDIENTS:\n1 boneless pork loin (3 to 4 pounds)\11/2 tsps seasoning salt\n1 cup cola (divided)\n1 cup barbecue sauce\n10 sandwich buns (split)','http://lh3.ggpht.com/hjIBaoWrg7iecRQ10MRAjq-RTsL9-fhhmRVB2Mv-hS0WYZtiJIyw_0LjjiWhHTuUihNCzcUMGSz5PFtuTszQ=s730-c-e365',0),
	(71, 'Sesame Steamed Spinach', 'DIRECTIONS:\r\n\r\n1. Bring the water to a boil in a large saucepan. Add spinach one bunch at a time, covering pan after each addition and adding more spinach once the prior batch has wilted. When all spinach is in the pan, let steam, covered, until completely wilted, about 30 seconds.\r\n\r\n2. Drain spinach in a colander, pressing down with a wooden spoon to extract as much liquid as possible; let cool slightly.\r\n\r\n3.Transfer spinach to a serving bowl, and drizzle with sesame oil, vinegar, and half the toasted sesame seeds. Toss well to combine. Season with salt and pepper. Serve warm, at room temperature, or chilled, and garnish with remaining sesame seeds.', 30, 5, 0, 'INGREDIENTS\r\n1/2 cup water\r\n3 pounds spinach (3 to 4 large bunches), tough stems discarded, rinsed well and drained\r\n4 teaspoons sesame oil\r\n4 teaspoons rice-wine vinegar\r\n2 tablespoons roasted sesame seeds\r\nCoarse salt\r\nFreshly ground pepper', 'http://lh3.ggpht.com/hLkZmfxYEd2TU2RMMZJnRM3QQ8XX_q_ljrc0LUEDQybaJ6ZTHfDpEqbkMCYI_mYuvL3zz4a7up3XF05QzxtyJv8=s730-c-e365', 0),
	(72, 'Steamed Buns', 'DIRECTIONS:\r\n\r\n1. In a bowl, mix the flour, yeast, baking powder, sugar, and salt together. Add the sesame oil and stir lightly. Slowly mix in the water and stir to combine. Knead the dough on a lightly floured, clean work surface until the dough is smooth, about 5 minutes. Place the dough ball into a medium size bowl, cover with plastic wrap and put into a larger bowl filled with 3 or so inches of hot water. Place these into either the oven or microwave and let rise for 30 minutes, or until dough doubles in size.\r\n\r\n2. While the dough is rising, prepare the filling. Steam the cabbage for 1 minute then drain the water (squeeze the water out as best you can). Chop the cabbage finely. Add the rest of the filling ingredients and mix thoroughly. Set the filling aside.\r\n\r\n3. After 30 minutes or more, the dough should have doubled in volume. Knead the dough lightly to expel any air pockets. Roll into a cylinder on a floured board, and cut into 8 equal pieces. Put a drop or two of sesame oil in your palm to coat hands (for each ball). Roll each piece into a ball, and place under a wet kitchen towel and allow to rest for 10 minutes (the dough will rise again).\r\n\r\n4. Roll out dough into 4-inch diameter circles. Place a small ball of filling in center. Form pleats in dough as you seal the buns by twisting (make sure they have a nice seal).\r\nPlace finished buns on baking paper sheets.\r\n\r\n5. Place the filled buns into warm bamboo steamer or rice cooker (as we did) and let steam for 15 to 20 minutes. The buns will almost double in size. Serve with soy sauce and/or hot chili sauce.', 120, 10, 0, 'INGREDIENTS\r\n2 cups all?purpose flour\r\n1 teaspoon instant yeast\r\n1 teaspoon baking powder\r\n4 tablespoons sugar\r\nPinch or two of salt\r\n1 tablespoon sesame oil, plus extra for rolling out dough\r\n1/2 cup lukewarm stock or water\r\n1/2 small cabbage\r\n1 spring onion or green onion, diced fine \r\n2 tablespoons fresh peeled ginger, minced\r\n1/2 teaspoon salt\r\n1 teaspoon sugar\r\n1 teaspoon oyster sauce\r\n1 teaspoon soy sauce\r\n1 teaspoon sesame oil', 'http://lh3.ggpht.com/vCVhOnEVfg2o81O3uCeVcuKSPiMx7al2flOSBPneoKpi75d9YUwcn-suNn8B5SqoC2Sxa1OCu0WG1rJ5SI3mYg=s730-e365', 0),
	(73, 'Steamed Fish with Black Bean S', 'DIRECTIONS:\r\n\r\n1. Season the fillets on both sides with salt and pepper. Spread the tops with black bean paste. Place fish into heatproof dish, add sake and steam for 10 minutes over high heat in a steamer.\r\n\r\n2. While fish is steaming, use a vegetable peeler to slice the ginger into very thin slices, then use knife to julienne into thin slivers.\r\n\r\n3. When fish is finished, remove the dish from the steamer and pour the accumulated cooking liquid onto a large deep plate for serving. Top the ginger slivers and the chives over the fish.\r\n\r\n4. In a small frying pan, heat up the olive oil and sesame oil until just before it begins to smoke, then pour it over the fish. The chives and ginger should sizzle.\r\n\r\n5. Transfer the fish to the plates containing the reserved steaming liquid and serve.', 20, 8, 0, 'INGREDIENTS\r\n4 fish fillets (thick, about 1.25" thick)\r\nsea salt\r\nground black pepper (freshly)\r\n4 tbsps bean paste (Chinese salted black, mixed with a little sake)\r\n8 tbsps sake (Japanese rice alcohol)\r\n1 piece fresh ginger (peeled)\r\n1 bunch fresh chives (cut into 1 1/2-inch lengths)\r\n6 tbsps olive oil\r\n2 tsps sesame oil', 'http://lh3.ggpht.com/vVBNVxeekvH3WbnOwC2JC1dibc3Rir9_qi-ywwYojXfthWDqAxeJOyi0dV64TnTLdFQOzWHpGEHSfEKJEhLM=s730-e365', 0),
	(74, 'Steamed Cheeseburgers', 'DIRECTIONS:\r\n\r\n1. Fill a Dutch oven (if you are using a metal vegetable steamer) or large deep skillet (if you are using a rack with legs) with water that comes close to the bottom of the steamer or rack but does not touch it. Bring water to a boil.\r\n\r\n2. Mix beef, Worcestershire and salt and pepper and form into 4 patties.Place the burgers on the rack or steamer, cover the pan and cook for 7 minutes.\r\n\r\n3. Move pan from heat, place on a cool burger and quickly divide cheese between burgers, mounding it up in the center of each burger. Cover pan for 2 minutes.\r\n\r\n4. Meantime, warm rolls in microwave for about 15 seconds. Place bottom buns on plates and spread with condiments while cheese is melting.\r\n\r\n5. After 2 minutes, use spatula to move burgers to bottom rolls. Place roll tops on burgers and serve at once.', 35, 5, 0, 'INGREDIENTS\r\n1 1/2 lbs ground chuck (80-85% lean works best)\r\n1 tbsp worcestershire sauce\r\nsalt\r\npepper\r\n1 cup shredded cheddar cheese\r\n4 rolls\r\nCondiments', 'http://lh6.ggpht.com/Wz-0VM4xT8j2zQ76muZrf1t45E6w0yctVDItYpwacQ4ayvRlssXPLJm2UTJrFRHFhvoSksv43lwpvj_Ro_dbxA=s730-e365', 0),
	(75, 'Steamed Veggie Dumplings', 'DIRECTIONS:\r\n\r\n1. For the filling, quickly saut? the mushrooms and garlic over medium heat until soft. Transfer to a large bowl.\r\n\r\n2. To the bowl, add the remaining filling ingredients and set aside to cool.\r\n\r\n3. Once cool, spoon half a teaspoon of the mixture into the center of each wrapper. For the fried dumplings (or pot stickers), seal in a half moon formation. The steamed ones can be twisted into adorable little pouches.\r\n\r\n4. Steam the half moons for about 45 seconds, while heating some of the vegetable oil in a large skillet, about one tablespoon per batch. Once slightly softened, fry the pot stickers on medium-high heat until golden brown and crispy, about 1-2 minutes per side.\r\n\r\n5. For the purses, simply steam them for 3-4 minutes each until soft to the touch and glossy on the outside.\r\n\r\n6. In a small bowl, combine the soy sauce, chili vinegar, sesame oil and green onion to create the delicious dipping sauce.\r\n\r\n7. Serve with chopsticks and the spicy soy dipping sauce and enjoy!', 40, 14, 0, 'INGREDIENTS\r\n1 package round egg-less dumpling wrappers\r\nabout 3 tbsp vegetable oil\r\n2 cups button mushrooms, chopped\r\n2 cloves garlic, minced\r\n? red pepper, finely diced\r\n? orange pepper, finely diced\r\n2 cups spinach, steamed, dried and chopped\r\n1 baby bok choy, steamed dried and chopped\r\n1 tbsp cilantro, chopped\r\n? tsp fresh ginger, grated\r\n2 tbsp soy sauce\r\nblack pepper to taste\r\n1/3 cup soy sauce\r\n? hot chili, minced\r\n1 tsp rice vinegar\r\n? tsp sesame oil\r\n1 green onion, minced\r\n', 'http://lh6.ggpht.com/EDQTIkCyh2FmFexQUQtukfb6tInCScw-Gd_8JtKUL-clZoZRdjIWQJ3eEyOb6JCA07n4KDpBM_QrtuBQws9I=s730-e365', 0),
	(76, 'Steamed Salmon with Garlic and', 'DIRECTIONS:\r\n\r\n1. For the sauce: In a small bowl, combine the sugar, pepper, oyster sauce, and soy sauce. Stir until the sugar is dissolved. Pour the oil into a small saucepan, and turn the heat to medium. Add the garlic and cook until fragrant, about 15 seconds. Add the ginger and cook until it is also fragrant, about one minute. Pour in the sauce, stir well, and wait for it to come to a boil. Then add the scallions, turn off the heat, and stir to combine. Set aside.\r\n\r\n2. For the steamed salmon: Fill a large pot with a steamer tray halfway up with water, and bring to a boil.\r\n\r\n3. Meanwhile, Find a heatproof plate or nonreactive cake or pie pan that will hold the salmon fillets and will also fit in the steamer tray with about one-inch left around the edges. Toss half of the white scallion strips into the pan, and then place the salmon fillets on top. Pour the sauce on top of the salmon.\r\n\r\n4. Transfer the pan to the steamer tray. Cover the pot, and cook until fish is cooked, eight to ten minutes. A knife should be able to be inserted into the thicket part of the flesh easily. When done, turn off the heat, and carefully remove the pan with the fish.\r\n\r\n5. Transfer the fish to a platter and pour the sauce and juices on top. Garnish with the remaining scallion strips and the cilantro.', 45, 9, 0, 'INGREDIENTS\r\n1 1/4 teaspoons sugar\r\n1/4 teaspoon black pepper\r\n2 tablespoons oyster sauce\r\n2 tablespoons light soy sauce\r\n2 1/2 tablespoons canola oil\r\n3 garlic cloves, minced\r\n2-inch piece fresh ginger, peeled and finely shredded\r\n3 scallions, green part only, chopped\r\n1 scallion, white part only, cut lengthwise into strips\r\n1 1/4 pounds salmon fillet, cut crosswise into two pieces\r\n4 sprigs cilantro', 'http://lh5.ggpht.com/FzO4BPWTfTZxoUfvMZBFqGP6OK0fVToQ5Jz9AbKG1lHB-xX5O4xY8sGnEkbduIHtlDPactboFL23b-YHIbcb=s730-e365', 0),
	(77, 'Pasta all Carbonara', 'DIRECTIONS:\r\n\r\n1. Bring a large pot of lightly salted water to a rolling boil for the pasta. In a large frying pan, heat the oil until lightly smoking over medium heat, then cook the guanciale or pancetta until crispy, about 6 minutes. Keep warm.\r\n\r\n2 Drop the pasta into the water and cook until "al dente" according to the package instructions. As the pasta is cooking, warm a large serving bowl. Place the egg yolks in the bowl along with three quarters of the cheese mixture along with the ground pepper. Use a whisk and blend until well mixed.\r\n\r\n3 Drain the pasta, reserving a small cup of the pasta water. Add the drained, steaming hot pasta into the bowl with the eggs, along with a little of the pasta water, toss well to lightly cook the eggs and coat the pasta with the egg mixture. Add the warm guanciale or pancetta, and toss again to mix well. Serve the pasta in individual bowls with a sprinkling of the parsley and the remainder of the cheese.', 35, 8, 0, 'INGREDIENTS\r\n2 tbsps olive oil\r\n8 ozs guanciale (diced, or pancetta)\r\n1 pkg bucatini (or spaghetti)\r\n6 egg yolks (at room temperature)\r\n1/2 cup parmesan cheese\r\n1/2 cup pecorino romano cheese\r\n2 tsps cracked black pepper\r\n1/3 cup parsley leaves (finely chopped, optional)', 'http://lh5.ggpht.com/i7Dejh1sKhzBVwhbAascRPtL0cFLlafJCI1HXw6CbWwbOoyxe_EKAn6Q1XGRS3Zw3gChZ216DRyW-F_F6HW3=s730-e365', 0),
	(78, 'Potato Crouton', 'DIRECTIONS: \r\n\r\n1. Heat the olive oil over medium heat in a skillet. \r\n\r\n2. Add the potatoes and toss so they are coated with the oil. Sprinkle with the salt. Now cover the skillet and let the potatoes cook through, this will take about three minutes. The water in the potatoes will help steam and soften them. \r\n\r\n3. When the potatoes are just cooked through ( not mushy or falling apart) remove the lid and give them a good toss. Turn up the heat to medium-high and stir every minute or so until the potatoes look golden and crispy. Add the garlic about halfway through the browning process if you like. Season with more salt to taste. \r\n\r\n4. Let cool a bit before using on salads to avoid wilting the leaves.', 30, 3, 0, 'INGREDIENTS\r\n1 tbsp extra-virgin olive oil\r\n11/2 cups potatoes (1/3-inch dice)\r\n1 pinch salt\r\n1 garlic cloves (minced, optional)', 'http://lh5.ggpht.com/XX_DveR7RObnIKws0XS3yUCI8af9r_V3ijIyQbjlRBDD0Jbzt6cbrJagxbmpnwCV_FEKQ-9BCq_SssAhioHQ=s730-e365', 0),
	(79, 'Sugared Cinnamon Almonds', 'DIRECTIONS:\n1.	Use a 4-quart slow cooker. Spray the stoneware well with cooking spray. In a mixing bowl, combine sugar, cinnamon, and salt. Set this bowl aside.\n2.	In a larger mixing bowl, whisk together the egg white and vanilla extract. Pour the almonds into this bowl and stir well to coat. Add your cinnamon mixture to the top of the nuts and toss with spoons to fully coat (too many nuts to do the plastic bag toss---you would have to do batches).\n3.	Put the almonds into the slow cooker and cover. Cook on high for 2 hours, stirring every 20-30 minutes or so to keep the almonds on the side of the crock from getting too crispy.\n4.	When the nuts are all hot and toasty, let them cool fully on a length of foil or parchment paper. When fully cool, store in an air-tight container.',55,7,4,'INGREDIENTS:\ncooking spray\n1 1/2 cups sugar\n3 tbsps cinnamon\n1/8 tsp kosher salt\n1 egg whites\n1 1/2 tsps vanilla extract\n3 1/4 cups raw almond (whole)\n','http://lh6.ggpht.com/Fjh0FV3nCGaGJ4-3mNVgcI33tUwa81vQbUBd3A8SoDIhC02cjd43EF556YwRM15069sGRdjglcnDZDwUb_Jb=s730-e365',0);

/*!40000 ALTER TABLE `recipe` ENABLE KEYS */;
UNLOCK TABLES;


# Dump of table recipeConnection
# ------------------------------------------------------------

DROP TABLE IF EXISTS `recipeConnection`;

CREATE TABLE `recipeConnection` (
  `recipeID` int(11) unsigned NOT NULL,
  `foodName` varchar(30) NOT NULL DEFAULT '',
  `value` float DEFAULT NULL,
  PRIMARY KEY (`recipeID`,`foodName`),
  KEY `foodName` (`foodName`),
  CONSTRAINT `recipeFK` FOREIGN KEY (`recipeID`) REFERENCES `recipe` (`recipeID`) ON DELETE CASCADE ON UPDATE CASCADE,
  CONSTRAINT `name FK` FOREIGN KEY (`foodName`) REFERENCES `ingredient` (`foodName`) ON DELETE CASCADE ON UPDATE CASCADE
) ENGINE=InnoDB DEFAULT CHARSET=latin1;

LOCK TABLES `recipeConnection` WRITE;
/*!40000 ALTER TABLE `recipeConnection` DISABLE KEYS */;

INSERT INTO `recipeConnection` (`recipeID`, `foodName`, `value`)
VALUES
	(1, 'baking soda', 10),
	(1, 'carrot', 10),
	(1, 'cream cheese', 5),
	(1, 'egg', 10),
	(1, 'flour', 8),
	(1, 'vegetable oil', 8),
	(1, 'walnut', 5),
	(2, 'beef', 10),
	(2, 'bun', 7),
	(2, 'cheese', 5),
	(2, 'lettuce', 5),
	(2, 'tomato', 5),
	(3, 'bread', 2),
	(3, 'cheese', 5),
	(3, 'egg', 10),
	(3, 'feta', 5),
	(3, 'spinach', 5),
	(3, 'tomato', 10),
	(4, 'egg', 10),
	(4, 'scallion', 5),
	(4, 'tomato', 10),
	(4, 'vegetable oil', 8),
	(5, 'basil', 5),
	(5, 'cabbage', 10),
	(5, 'carrot', 10),
	(5, 'chicken stock', 5),
	(5, 'garlic', 2),
	(5, 'olive oil', 8),
	(5, 'onion', 5),
	(5, 'parsley', 5),
	(5, 'potato', 10),
	(5, 'thyme', 5),
	(6, 'anchovy', 5),
	(6, 'bread', 8),
	(6, 'dijon mustard', 5),
	(6, 'garlic', 5),
	(6, 'lemon', 5),
	(6, 'olive oil', 10),
	(6, 'parmesan cheese', 8),
	(6, 'romaine lettuce', 10),
	(6, 'vinegar', 8),
	(6, 'worcestershire sauce', 5),
	(7, 'buttermilk', 8),
	(7, 'chicken breast', 10),
	(7, 'chicken broth', 8),
	(7, 'chive', 5),
	(7, 'cornstarch', 10),
	(7, 'flour', 10),
	(7, 'garlic', 5),
	(7, 'green onion', 5),
	(7, 'milk', 10),
	(7, 'olive oil', 5),
	(7, 'onion', 5),
	(8, 'granola', 10),
	(8, 'honey', 2),
	(8, 'strawberry', 5),
	(8, 'yogurt', 10),
	(9, 'bacon', 10),
	(9, 'bread', 10),
	(9, 'lettuce', 10),
	(9, 'mayonnaise', 5),
	(9, 'tomato', 10),
	(10, 'bread', 10),
	(10, 'butter', 10),
	(10, 'cheese', 10),
	(11, 'salmon', 10),
	(11, 'vegetable oil', 5),
	(12, 'garlic', 2),
	(12, 'honey', 5),
	(12, 'shrimp', 10),
	(13, 'asparagus', 7),
	(13, 'bell pepper', 7),
	(13, 'chive', 5),
	(13, 'eggplant', 7),
	(13, 'garlic', 5),
	(13, 'green onion', 5),
	(13, 'mushroom', 7),
	(13, 'olive oil', 5),
	(13, 'parsley', 5),
	(13, 'squash', 7),
	(13, 'zucchini', 7),
	(14, 'cheese', 2),
	(14, 'cherry tomato', 3),
	(14, 'chicken', 10),
	(14, 'chicken breast', 10),
	(14, 'garlic', 2),
	(14, 'kale', 10),
	(14, 'lemon', 2),
	(14, 'olive oil', 5),
	(14, 'parmesan', 2),
	(14, 'potatoes', 7),
	(14, 'salad', 5),
	(14, 'tomato', 3),
	(15, 'beef', 10),
	(15, 'bell pepper', 3),
	(15, 'cheddar cheese', 7),
	(15, 'cheese', 7),
	(15, 'filet mignon', 10),
	(15, 'flour', 7),
	(15, 'milk', 7),
	(15, 'mushroom', 3),
	(15, 'mustard', 3),
	(15, 'olive oil', 5),
	(15, 'onion', 5),
	(16, 'banana', 5),
	(16, 'cashew', 3),
	(16, 'chocolate', 5),
	(16, 'chocolate chip', 5),
	(16, 'cinnamon', 5),
	(16, 'coconut', 5),
	(16, 'coconut milk', 7),
	(16, 'date', 3),
	(16, 'maple syrup', 5),
	(16, 'peanut', 3),
	(17, 'almond', 5),
	(17, 'cashew', 7),
	(17, 'coconut milk', 5),
	(17, 'coconut oil', 5),
	(17, 'date', 10),
	(17, 'lemon', 3),
	(17, 'maple syrup', 3),
	(17, 'walnut', 5),
	(18, 'avocado', 3),
	(18, 'carrot', 3),
	(18, 'cucumber', 3),
	(18, 'nori', 7),
	(18, 'rice', 10),
	(18, 'salmon', 7),
	(18, 'sushi rice', 10),
	(18, 'tuna', 7),
	(19, 'cilantro', 5),
	(19, 'flax', 5),
	(19, 'golden flax', 5),
	(19, 'jalapeno', 3),
	(19, 'lime', 3),
	(19, 'onion', 7),
	(19, 'peach', 10),
	(19, 'tomato', 7),
	(19, 'zucchini', 7),
	(20, 'anchovy', 2),
	(20, 'beef', 10),
	(20, 'beef tenderloin', 10),
	(20, 'caper', 5),
	(20, 'dijon mustard', 5),
	(20, 'egg', 10),
	(20, 'hot sauce', 3),
	(20, 'olive oil', 5),
	(20, 'onion', 5),
	(20, 'parsley', 3),
	(20, 'worcestershire sauce', 3),
	(21, 'butter', 6),
	(21, 'cheese', 5),
	(21, 'pepper', 5),
	(21, 'potato', 10),
	(21, 'salt', 5),
	(21, 'sour cream', 5),
	(22, 'chocolate', 10),
	(22, 'chocolate chip', 10),
	(22, 'condensed milk', 10),
	(22, 'vanilla', 10),
	(22, 'vanilla extract', 10),
	(22, 'walnut', 7),
	(23, 'baking powder', 10),
	(23, 'baking soda', 10),
	(23, 'egg', 9),
	(23, 'flour', 10),
	(23, 'milk', 9),
	(23, 'oil', 10),
	(23, 'powdered sugar', 6),
	(23, 'powdered suger', 6),
	(23, 'salt', 6),
	(23, 'sugar', 9),
	(23, 'vanilla', 8),
	(24, 'breadcrumbs', 10),
	(24, 'cornstarch', 10),
	(24, 'egg', 10),
	(24, 'eggs', 10),
	(24, 'oil', 10),
	(24, 'shrimp', 10),
	(24, 'water', 10),
	(25, 'breadcrumbs', 8),
	(25, 'butter', 8),
	(25, 'cheese', 9),
	(25, 'chicken', 10),
	(25, 'egg', 8),
	(25, 'mozzarella', 9),
	(25, 'parmesan', 9),
	(25, 'pepper', 6),
	(25, 'salt', 6),
	(25, 'spaghetti sauce', 9),
	(25, 'tomato sauce', 9),
	(26, 'celery', 6),
	(26, 'chili powder', 6),
	(26, 'corn', 6),
	(26, 'garlic', 6),
	(26, 'kidney bean', 6),
	(26, 'onion', 7),
	(26, 'stewed tomatoes', 6),
	(26, 'tofu', 10),
	(26, 'tomato', 6),
	(26, 'vegetable oil', 10),
	(26, 'water', 10),
	(27, 'macaroni', 10),
	(27, 'pepper', 5),
	(27, 'salt', 5),
	(27, 'tomato', 10),
	(28, 'fig', 10),
	(28, 'filo pastry', 10),
	(28, 'honey', 10),
	(28, 'mozzarella', 10),
	(28, 'sesame seed', 5),
	(28, 'vegetable oil', 10),
	(29, 'asparagus', 10),
	(29, 'cooking cr?me', 7),
	(29, 'cream', 7),
	(29, 'olive oil', 7),
	(29, 'prosciutto', 8),
	(29, 'water', 6),
	(30, 'cheese', 9),
	(30, 'cilantro', 7),
	(30, 'diced tomato', 8),
	(30, 'garlic', 7),
	(30, 'garlic clove', 7),
	(30, 'oil', 7),
	(30, 'onion', 7),
	(30, 'pepper jack', 9),
	(30, 'tomato', 8),
	(30, 'tortilla', 9),
	(30, 'tortilla chip', 9),
	(31, 'cracker', 10),
	(31, 'mozzarella', 8),
	(31, 'pepperoni', 5),
	(31, 'pizza sauce', 8),
	(32, 'baking soda', 8),
	(32, 'banana', 10),
	(32, 'canola oil', 7),
	(32, 'flour', 9),
	(32, 'grand marnier', 10),
	(32, 'milk', 7),
	(32, 'salt', 6),
	(32, 'sugar', 8),
	(32, 'vanilla bean', 5),
	(33, 'cheese', 10),
	(33, 'chicken', 2),
	(33, 'macaroni', 10),
	(33, 'pea', 5),
	(33, 'peas', 5),
	(33, 'pepper', 5),
	(33, 'salt', 5),
	(33, 'yogurt', 6),
	(34, 'egg', 8),
	(34, 'milk', 7),
	(34, 'oreo', 10),
	(34, 'pancake mix', 8),
	(34, 'vegetable oil', 10),
	(35, 'chicken', 10),
	(35, 'egg', 6),
	(35, 'garlic', 6),
	(35, 'oil', 9),
	(35, 'pepper', 6),
	(35, 'rice flower', 6),
	(35, 'salt', 6),
	(35, 'sesame oil', 6),
	(35, 'soy sauce', 6),
	(35, 'sugar', 6),
	(36, 'chickpea', 10),
	(36, 'garlic', 5),
	(36, 'lemon juice', 5),
	(36, 'olive oil', 7),
	(36, 'salt', 6),
	(36, 'tahini', 10),
	(37, 'butter', 6),
	(37, 'chili powder', 6),
	(37, 'corn', 10),
	(37, 'lime', 5),
	(38, 'basil', 5),
	(38, 'ice', 9),
	(38, 'lemon juice', 10),
	(38, 'sugar', 6),
	(38, 'water', 10),
	(39, 'chocolate', 10),
	(39, 'chocolate chip', 10),
	(39, 'graham cracker', 8),
	(39, 'marshmallow', 8),
	(39, 'white chocolate chip', 8),
	(40, 'butter', 7),
	(40, 'chocolate', 10),
	(40, 'chocolate chip', 10),
	(40, 'heavy cream', 7),
	(40, 'sugar', 8),
	(40, 'unsalted butter', 7),
	(41, 'cheese', 4),
	(41, 'egg', 10),
	(41, 'milk', 8),
	(41, 'mushroom', 5),
	(41, 'onion', 4),
	(41, 'pie crust ', 10),
	(41, 'spinach', 6),
	(42, 'artichoke', 4),
	(42, 'cheese', 7),
	(42, 'noodle', 10),
	(42, 'onion', 2),
	(42, 'spinach', 5),
	(42, 'tomato sauce', 10),
	(42, 'vegetable broth', 3),
	(43, 'basil', 1),
	(43, 'bell pepper', 7),
	(43, 'egg', 10),
	(43, 'olive oil', 1),
	(43, 'onion', 5),
	(43, 'sweet potato', 8),
	(44, 'bell pepper', 5),
	(44, 'broccoli', 5),
	(44, 'carrot', 5),
	(44, 'mushroom', 5),
	(44, 'onion', 1),
	(44, 'rice', 10),
	(44, 'vegetable broth', 4),
	(45, 'bell pepper', 1),
	(45, 'black bean', 10),
	(45, 'bread', 9),
	(45, 'chili', 4),
	(45, 'cornstarch', 8),
	(45, 'cumin', 5),
	(45, 'garlic', 1),
	(45, 'onion', 7),
	(45, 'pepper', 1),
	(46, 'bell pepper', 7),
	(46, 'garlic', 3),
	(46, 'lemon ', 3),
	(46, 'onion', 5),
	(46, 'pasta', 10),
	(46, 'vegetable oil', 1),
	(47, 'baking soda', 9),
	(47, 'cocoa', 9),
	(47, 'flour', 10),
	(47, 'oil', 7),
	(47, 'sugar', 10),
	(47, 'vanilla', 7),
	(47, 'vinegar', 5),
	(48, 'baking powder', 10),
	(48, 'flour', 10),
	(48, 'lemon', 1),
	(48, 'margarine', 7),
	(48, 'soy milk', 9),
	(48, 'sugar', 9),
	(49, 'applesauce', 7),
	(49, 'baking powder', 9),
	(49, 'baking soda', 9),
	(49, 'brown sugar', 7),
	(49, 'cinnamon', 5),
	(49, 'flour', 10),
	(49, 'oil', 7),
	(49, 'sugar', 8),
	(49, 'vanilla', 3),
	(49, 'zucchini', 10),
	(50, 'almond', 10),
	(50, 'baking soda', 9),
	(50, 'banana', 8),
	(50, 'blueberry', 8),
	(50, 'egg', 10),
	(50, 'honey', 3),
	(50, 'vinegar', 4),
	(51, 'carrot', 8),
	(51, 'celery', 6),
	(51, 'clam juice', 7),
	(51, 'fish', 10),
	(51, 'garlic', 3),
	(51, 'olive oil', 6),
	(51, 'onion', 3),
	(51, 'sherry', 2),
	(51, 'shrimp', 9),
	(51, 'tomato', 9),
	(51, 'wine', 4),
	(52, 'carrot', 7),
	(52, 'celery', 6),
	(52, 'fish', 8),
	(52, 'lemon', 4),
	(52, 'mayonnaise', 6),
	(52, 'onion', 5),
	(52, 'pasta', 10),
	(52, 'salmon', 10),
	(53, 'dill', 6),
	(53, 'mayonnaise', 7),
	(53, 'onion', 5),
	(53, 'potato', 10),
	(54, 'broccoli', 9),
	(54, 'cheese', 7),
	(54, 'olive oil', 4),
	(54, 'spaghetti', 10),
	(54, 'tomato sauce', 8),
	(55, 'bell pepper', 10),
	(55, 'black bean', 8),
	(55, 'tomato sauce', 8),
	(55, 'vegetable broth', 10),
	(56, 'brussel sprout', 10),
	(56, 'butter', 8),
	(56, 'mushroom', 10),
	(57, 'bacon', 3),
	(57, 'basil', 1),
	(57, 'bell pepper', 7),
	(57, 'bouillon', 10),
	(57, 'celery', 5),
	(57, 'cheese', 6),
	(57, 'chili bean', 9),
	(57, 'corn chips', 6),
	(57, 'cumin', 3),
	(57, 'garlic', 6),
	(57, 'meat', 10),
	(57, 'oregano', 1),
	(57, 'sausage', 10),
	(57, 'sugar', 4),
	(57, 'Tabasco sauce', 7),
	(57, 'tomato', 10),
	(58, 'beef', 10),
	(58, 'beef broth', 7),
	(58, 'butter', 3),
	(58, 'creme fraiche', 8),
	(58, 'garlic', 2),
	(58, 'mushroom', 8),
	(58, 'oil', 2),
	(58, 'onion', 8),
	(58, 'wine', 1),
	(59, 'beef', 10),
	(59, 'cheese', 8),
	(59, 'egg', 8),
	(59, 'garlic', 3),
	(59, 'olive oil', 5),
	(59, 'spaghetti', 10),
	(59, 'sugar', 1),
	(59, 'tomato', 4),
	(59, 'tomato paste', 7),
	(60, 'beef', 10),
	(60, 'cheese', 2),
	(60, 'corn chips', 8),
	(60, 'lettuce', 5),
	(60, 'onion', 3),
	(60, 'pasta', 8),
	(60, 'salad dressing', 4),
	(60, 'sour cream', 4),
	(60, 'taco spice', 8),
	(60, 'tomato', 7),
	(61, 'baking powder', 8),
	(61, 'baking soda', 8),
	(61, 'banana', 10),
	(61, 'brown sugar', 8),
	(61, 'butter', 8),
	(61, 'cinnamon', 2),
	(61, 'egg', 8),
	(61, 'flour', 9),
	(61, 'sugar', 8),
	(62, 'bell pepper', 4),
	(62, 'chicken', 10),
	(62, 'chive', 3),
	(62, 'pea', 4),
	(62, 'rice', 10),
	(62, 'soy sauce', 10),
	(63, 'cheese', 3),
	(63, 'chicken soup', 8),
	(63, 'macaroni', 10),
	(63, 'onion', 3),
	(63, 'tuna', 8),
	(64, 'bread', 10),
	(64, 'cinnamon', 7),
	(64, 'egg', 10),
	(64, 'flour', 3),
	(64, 'sugar', 5),
	(64, 'vanilla', 3),
	(65, 'bread', 8),
	(65, 'cheese', 5),
	(65, 'chicken', 10),
	(65, 'garlic', 7),
	(65, 'olive oil', 1),
	(66, 'beef broth', 3),
	(66, 'broccoli', 10),
	(66, 'flour', 3),
	(66, 'garlic', 7),
	(66, 'ginger', 6),
	(66, 'soy sauce', 6),
	(66, 'steak', 3),
	(66, 'sugar', 1),
	(67, 'bread', 7),
	(67, 'butter', 3),
	(67, 'egg', 8),
	(67, 'milk', 7),
	(67, 'pork', 10),
	(68, 'cheese', 7),
	(68, 'dough ', 8),
	(68, 'egg', 10),
	(68, 'sausage', 10),
	(69,'cornstarch',5),
	(69,'carrot',6),
	(69,'onion',6),
	(69,'salt',7),
	(69,'pepper',7),
	(69,'chuck roast',10),
	(69,'worcestershire sauce',5),
	(70,'pork',10),
	(70,'salt',6),
	(70,'garlic',6),
	(70,'cola',5),
	(70,'barbecue',7),
	(70,'bun',10),
	(71, 'pepper', 1),
	(71, 'sesame oil', 4),
	(71, 'sesame seed', 1),
	(71, 'spinach', 10),
	(71, 'vinegar', 3),
	(72, 'baking powder', 10),
	(72, 'cabbage', 5),
	(72, 'flour', 10),
	(72, 'ginger', 5),
	(72, 'onion', 6),
	(72, 'oyster sauce', 4),
	(72, 'sesame oil', 2),
	(72, 'soy sauce', 2),
	(72, 'yeast', 10),
	(73, 'bean paste', 7),
	(73, 'chive', 2),
	(73, 'fish', 10),
	(73, 'ginger', 5),
	(73, 'olive oil', 3),
	(73, 'pepper', 1),
	(73, 'sake', 8),
	(73, 'sesame oil', 3),
	(74, 'beef', 10),
	(74, 'cheese', 1),
	(74, 'pepper', 1),
	(74, 'roll', 10),
	(74, 'Worcestershire sauce', 5),
	(75, 'bell pepper', 5),
	(75, 'bok choy', 2),
	(75, 'chili', 3),
	(75, 'chive', 2),
	(75, 'cilantro', 2),
	(75, 'dumpling', 10),
	(75, 'garlic', 4),
	(75, 'ginger', 3),
	(75, 'mushroom', 6),
	(75, 'sesame oil', 5),
	(75, 'soy sauce', 6),
	(75, 'spinach', 3),
	(75, 'vegetable oil', 6),
	(75, 'vinegar', 4),
	(76, 'canola oil', 2),
	(76, 'cilantro', 1),
	(76, 'garlic', 4),
	(76, 'ginger', 3),
	(76, 'oyster sauce', 4),
	(76, 'pepper', 1),
	(76, 'salmon', 10),
	(76, 'scallion', 6),
	(76, 'sugar', 2),
	(77, 'bucatini', 1),
	(77, 'egg', 1),
	(77, 'guanciale', 1),
	(77, 'olive oil', 1),
	(77, 'parmesan', 1),
	(77, 'parsley', 1),
	(77, 'pepper', 1),
	(77, 'romano', 1),
	(78, 'garlic', 1),
	(78, 'olive oil', 1),
	(78, 'potato', 1),
	(79, 'sugar', 8),
	(79, 'cinnamon', 8),
	(79, 'salt', 5),
	(79, 'egg', 5),
	(79, 'vanilla', 5),
	(79, 'almond', 10);

/*!40000 ALTER TABLE `recipeConnection` ENABLE KEYS */;
UNLOCK TABLES;


# Dump of table results
# ------------------------------------------------------------

DROP TABLE IF EXISTS `results`;

CREATE TABLE `results` (
  `recipeID` int(11) unsigned NOT NULL AUTO_INCREMENT,
  `rankingPoints` double DEFAULT NULL,
  PRIMARY KEY (`recipeID`),
  CONSTRAINT `RecipeIDFKCon` FOREIGN KEY (`recipeID`) REFERENCES `recipe` (`recipeID`) ON DELETE CASCADE ON UPDATE CASCADE
) ENGINE=InnoDB DEFAULT CHARSET=latin1;

LOCK TABLES `results` WRITE;
/*!40000 ALTER TABLE `results` DISABLE KEYS */;

INSERT INTO `results` (`recipeID`, `rankingPoints`)
VALUES
	(3,0.3125),
	(4,0.30303030303030304),
	(20,0.19607843137254902),
	(23,0.10344827586206896),
	(25,0.1095890410958904);

/*!40000 ALTER TABLE `results` ENABLE KEYS */;
UNLOCK TABLES;


# Dump of table searchHistory
# ------------------------------------------------------------

DROP TABLE IF EXISTS `searchHistory`;

CREATE TABLE `searchHistory` (
  `id` int(11) unsigned NOT NULL,
  `username` varchar(30) NOT NULL DEFAULT '',
  PRIMARY KEY (`id`,`username`),
  KEY `usernmFK` (`username`),
  CONSTRAINT `recipeIDFK` FOREIGN KEY (`id`) REFERENCES `recipe` (`recipeID`) ON DELETE CASCADE ON UPDATE CASCADE,
  CONSTRAINT `usernmFK` FOREIGN KEY (`username`) REFERENCES `users` (`username`) ON DELETE CASCADE ON UPDATE CASCADE
) ENGINE=InnoDB DEFAULT CHARSET=latin1;

LOCK TABLES `searchHistory` WRITE;
/*!40000 ALTER TABLE `searchHistory` DISABLE KEYS */;

INSERT INTO `searchHistory` (`id`, `username`)
VALUES
    (67,'karo@me.com');

/*!40000 ALTER TABLE `searchHistory` ENABLE KEYS */;
UNLOCK TABLES;


# Dump of table users
# ------------------------------------------------------------

DROP TABLE IF EXISTS `users`;

CREATE TABLE `users` (
  `id` int(11) unsigned NOT NULL AUTO_INCREMENT,
  `username` varchar(30) DEFAULT NULL,
  `pw` varchar(100) DEFAULT NULL,
  `firstname` varchar(30) DEFAULT NULL,
  `timeForEmail` timestamp NOT NULL DEFAULT CURRENT_TIMESTAMP ON UPDATE CURRENT_TIMESTAMP,
  `notSentEmail` tinyint(1) NOT NULL DEFAULT '1',
  PRIMARY KEY (`id`),
  KEY `USername` (`username`)
) ENGINE=InnoDB AUTO_INCREMENT=18 DEFAULT CHARSET=latin1;

LOCK TABLES `users` WRITE;
/*!40000 ALTER TABLE `users` DISABLE KEYS */;

INSERT INTO `users` (`id`, `username`, `pw`, `firstname`, `timeForEmail`, `notSentEmail`)
VALUES
	(11,'karo@me.com','MTIzNDU=','karro','2014-12-08 20:11:57',1),
	(12,'karoska@me.com','cGFzc3dvcmQ=','karo','2014-12-08 20:11:58',1);

/*!40000 ALTER TABLE `users` ENABLE KEYS */;
UNLOCK TABLES;




#create logged in user 
drop user 'loggedIn'@'localhost';
FLUSH PRIVILEGES;

CREATE USER 'loggedIn'@'localhost' IDENTIFIED BY '123';

grant select, insert, delete, update, drop on PantryQuest.results to 'loggedIn'@'localhost';
grant select, insert, delete on PantryQuest.searchHistory to 'loggedIn'@'localhost';
grant select (foodName, timesSearched), update (timesSearched) on PantryQuest.ingredient to 'loggedIn'@'localhost';
grant select on PantryQuest.filter to 'loggedIn'@'localhost';
grant select on PantryQuest.recipeConnection to 'loggedIn'@'localhost';
grant update, select, insert on PantryQuest.recipe to 'loggedIn'@'localhost';


#Create unlogged in user
drop user 'unLoggedIn'@'localhost';
FLUSH PRIVILEGES;
CREATE USER 'unLoggedIn'@'localhost' IDENTIFIED BY '123';

grant select, insert, delete, update, drop on PantryQuest.results to 'unLoggedIn'@'localhost';
grant select on PantryQuest.searchHistory to 'unLoggedIn'@'localhost';
grant select (foodName, timesSearched), update (timesSearched) on PantryQuest.ingredient to 'unLoggedIn'@'localhost';
grant select on PantryQuest.filter to 'unLoggedIn'@'localhost';
grant select on PantryQuest.recipeConnection to 'unLoggedIn'@'localhost';
grant update, select, insert on PantryQuest.recipe to 'unLoggedIn'@'localhost';


FLUSH PRIVILEGES;
/*EN CREATE USER SYNTAX*/